branching_types,n_end,k,uscat,device,dtype,density_dtype,density_device,uscat_dtype,uscat_device
a,1,1.0,(-0.7009373613473742-1.0811585241050148j),cpu,<class 'numpy.float64'>,complex128,cpu,complex128,cpu
a,2,1.0,(-1.2724444176210574-0.6512232561781957j),cpu,<class 'numpy.float64'>,complex128,cpu,complex128,cpu
a,3,1.0,(-1.3533486331756501-0.6501711414856097j),cpu,<class 'numpy.float64'>,complex128,cpu,complex128,cpu
a,4,1.0,(-1.355217636498696-0.6573233924845587j),cpu,<class 'numpy.float64'>,complex128,cpu,complex128,cpu
a,5,1.0,(-1.3559111663498666-0.6577711312734433j),cpu,<class 'numpy.float64'>,complex128,cpu,complex128,cpu
a,6,1.0,(-1.3559303483467577-0.657809885095502j),cpu,<class 'numpy.float64'>,complex128,cpu,complex128,cpu
a,8,1.0,(-1.3559333450671112-0.6578134161438554j),cpu,<class 'numpy.float64'>,complex128,cpu,complex128,cpu
a,9,1.0,(-1.3559333609575988-0.6578134453800949j),cpu,<class 'numpy.float64'>,complex128,cpu,complex128,cpu
a,11,1.0,(-1.3559333625769265-0.6578134486541465j),cpu,<class 'numpy.float64'>,complex128,cpu,complex128,cpu
a,13,1.0,(-1.3559333625941117-0.6578134486893585j),cpu,<class 'numpy.float64'>,complex128,cpu,complex128,cpu
a,16,1.0,(-1.3559333625942882-0.6578134486897358j),cpu,<class 'numpy.float64'>,complex128,cpu,complex128,cpu
a,19,1.0,(-1.3559333625942893-0.6578134486897365j),cpu,<class 'numpy.float64'>,complex128,cpu,complex128,cpu
a,22,1.0,(-1.3559333625942889-0.6578134486897362j),cpu,<class 'numpy.float64'>,complex128,cpu,complex128,cpu
a,26,1.0,(-1.3559333625942884-0.6578134486897362j),cpu,<class 'numpy.float64'>,complex128,cpu,complex128,cpu
a,32,1.0,(-1.3559333625942884-0.6578134486897361j),cpu,<class 'numpy.float64'>,complex128,cpu,complex128,cpu
a,38,1.0,(-1.355933362594289-0.6578134486897359j),cpu,<class 'numpy.float64'>,complex128,cpu,complex128,cpu
a,45,1.0,(-1.355933362594289-0.6578134486897362j),cpu,<class 'numpy.float64'>,complex128,cpu,complex128,cpu
a,53,1.0,(-1.35593336259429-0.6578134486897362j),cpu,<class 'numpy.float64'>,complex128,cpu,complex128,cpu
a,64,1.0,(-1.3559333625942895-0.6578134486897365j),cpu,<class 'numpy.float64'>,complex128,cpu,complex128,cpu
a,76,1.0,(-1.355933362594289-0.6578134486897361j),cpu,<class 'numpy.float64'>,complex128,cpu,complex128,cpu
a,90,1.0,(-1.3559333625942895-0.6578134486897365j),cpu,<class 'numpy.float64'>,complex128,cpu,complex128,cpu
a,1,1.4142135623730951,(0.13757642693420757-0.8289024976315608j),cpu,<class 'numpy.float64'>,complex128,cpu,complex128,cpu
a,2,1.4142135623730951,(-0.25074416852873416-2.537601631717213j),cpu,<class 'numpy.float64'>,complex128,cpu,complex128,cpu
a,3,1.4142135623730951,(-0.943435074689787-2.1971531716399344j),cpu,<class 'numpy.float64'>,complex128,cpu,complex128,cpu
a,4,1.4142135623730951,(-0.8787995655620167-2.184389032727389j),cpu,<class 'numpy.float64'>,complex128,cpu,complex128,cpu
a,5,1.4142135623730951,(-0.8771606738628105-2.1877138217151106j),cpu,<class 'numpy.float64'>,complex128,cpu,complex128,cpu
a,6,1.4142135623730951,(-0.8771410793911208-2.187979636817283j),cpu,<class 'numpy.float64'>,complex128,cpu,complex128,cpu
a,8,1.4142135623730951,(-0.8771443103137013-2.188000167434031j),cpu,<class 'numpy.float64'>,complex128,cpu,complex128,cpu
a,9,1.4142135623730951,(-0.8771443332978275-2.1880003212200254j),cpu,<class 'numpy.float64'>,complex128,cpu,complex128,cpu
a,11,1.4142135623730951,(-0.8771443358250578-2.188000339269097j),cpu,<class 'numpy.float64'>,complex128,cpu,complex128,cpu
a,13,1.4142135623730951,(-0.8771443358644136-2.1880003395012295j),cpu,<class 'numpy.float64'>,complex128,cpu,complex128,cpu
a,16,1.4142135623730951,(-0.8771443358651575-2.1880003395045193j),cpu,<class 'numpy.float64'>,complex128,cpu,complex128,cpu
a,19,1.4142135623730951,(-0.8771443358651598-2.1880003395045255j),cpu,<class 'numpy.float64'>,complex128,cpu,complex128,cpu
a,22,1.4142135623730951,(-0.87714433586516-2.1880003395045255j),cpu,<class 'numpy.float64'>,complex128,cpu,complex128,cpu
a,26,1.4142135623730951,(-0.8771443358651599-2.1880003395045255j),cpu,<class 'numpy.float64'>,complex128,cpu,complex128,cpu
a,32,1.4142135623730951,(-0.8771443358651597-2.188000339504525j),cpu,<class 'numpy.float64'>,complex128,cpu,complex128,cpu
a,38,1.4142135623730951,(-0.8771443358651599-2.1880003395045247j),cpu,<class 'numpy.float64'>,complex128,cpu,complex128,cpu
a,45,1.4142135623730951,(-0.8771443358651598-2.1880003395045255j),cpu,<class 'numpy.float64'>,complex128,cpu,complex128,cpu
a,53,1.4142135623730951,(-0.8771443358651604-2.1880003395045264j),cpu,<class 'numpy.float64'>,complex128,cpu,complex128,cpu
a,64,1.4142135623730951,(-0.87714433586516-2.188000339504526j),cpu,<class 'numpy.float64'>,complex128,cpu,complex128,cpu
a,76,1.4142135623730951,(-0.8771443358651598-2.1880003395045255j),cpu,<class 'numpy.float64'>,complex128,cpu,complex128,cpu
a,90,1.4142135623730951,(-0.87714433586516-2.1880003395045264j),cpu,<class 'numpy.float64'>,complex128,cpu,complex128,cpu
a,1,2.0,(0.32082278629105265-0.6156151751363799j),cpu,<class 'numpy.float64'>,complex128,cpu,complex128,cpu
a,2,2.0,(0.8445618471966172-0.527241372191403j),cpu,<class 'numpy.float64'>,complex128,cpu,complex128,cpu
a,3,2.0,(1.3533496733356771-1.0516203921321106j),cpu,<class 'numpy.float64'>,complex128,cpu,complex128,cpu
a,4,2.0,(1.2228958602960391-1.1439685615266229j),cpu,<class 'numpy.float64'>,complex128,cpu,complex128,cpu
a,5,2.0,(1.2135573635445553-1.1261055120067018j),cpu,<class 'numpy.float64'>,complex128,cpu,complex128,cpu
a,6,2.0,(1.2149417500426074-1.1252988052204436j),cpu,<class 'numpy.float64'>,complex128,cpu,complex128,cpu
a,8,2.0,(1.2150325155700605-1.1253398055426036j),cpu,<class 'numpy.float64'>,complex128,cpu,complex128,cpu
a,9,2.0,(1.2150327071330373-1.125340105320885j),cpu,<class 'numpy.float64'>,complex128,cpu,complex128,cpu
a,11,2.0,(1.2150327276238277-1.1253401293699454j),cpu,<class 'numpy.float64'>,complex128,cpu,complex128,cpu
a,13,2.0,(1.2150327279327562-1.1253401296091083j),cpu,<class 'numpy.float64'>,complex128,cpu,complex128,cpu
a,16,2.0,(1.2150327279375244-1.1253401296126895j),cpu,<class 'numpy.float64'>,complex128,cpu,complex128,cpu
a,19,2.0,(1.2150327279375333-1.1253401296126981j),cpu,<class 'numpy.float64'>,complex128,cpu,complex128,cpu
a,22,2.0,(1.2150327279375335-1.1253401296126975j),cpu,<class 'numpy.float64'>,complex128,cpu,complex128,cpu
a,26,2.0,(1.215032727937533-1.1253401296126975j),cpu,<class 'numpy.float64'>,complex128,cpu,complex128,cpu
a,32,2.0,(1.2150327279375333-1.125340129612698j),cpu,<class 'numpy.float64'>,complex128,cpu,complex128,cpu
a,38,2.0,(1.2150327279375333-1.125340129612698j),cpu,<class 'numpy.float64'>,complex128,cpu,complex128,cpu
a,45,2.0,(1.2150327279375337-1.1253401296126977j),cpu,<class 'numpy.float64'>,complex128,cpu,complex128,cpu
a,53,2.0,(1.215032727937534-1.1253401296126984j),cpu,<class 'numpy.float64'>,complex128,cpu,complex128,cpu
a,64,2.0,(1.2150327279375335-1.125340129612698j),cpu,<class 'numpy.float64'>,complex128,cpu,complex128,cpu
a,76,2.0,(1.2150327279375333-1.1253401296126975j),cpu,<class 'numpy.float64'>,complex128,cpu,complex128,cpu
a,90,2.0,(1.2150327279375341-1.1253401296126984j),cpu,<class 'numpy.float64'>,complex128,cpu,complex128,cpu
a,107,2.0,(1.215032727937534-1.1253401296126984j),cpu,<class 'numpy.float64'>,complex128,cpu,complex128,cpu
a,1,2.8284271247461903,(0.7045484424266211-0.15722632349229793j),cpu,<class 'numpy.float64'>,complex128,cpu,complex128,cpu
a,2,2.8284271247461903,(0.7252824926180266-0.3130821704455332j),cpu,<class 'numpy.float64'>,complex128,cpu,complex128,cpu
a,3,2.8284271247461903,(0.8213351328054921-0.17356003757663746j),cpu,<class 'numpy.float64'>,complex128,cpu,complex128,cpu
a,4,2.8284271247461903,(0.9638337598048381-0.1292911448537153j),cpu,<class 'numpy.float64'>,complex128,cpu,complex128,cpu
a,5,2.8284271247461903,(0.966718511614894-0.17750427091192372j),cpu,<class 'numpy.float64'>,complex128,cpu,complex128,cpu
a,6,2.8284271247461903,(0.9591653391810788-0.17617777882808514j),cpu,<class 'numpy.float64'>,complex128,cpu,complex128,cpu
a,8,2.8284271247461903,(0.9594040178730497-0.17538524431560298j),cpu,<class 'numpy.float64'>,complex128,cpu,complex128,cpu
a,9,2.8284271247461903,(0.9594059896785976-0.17538894564293087j),cpu,<class 'numpy.float64'>,complex128,cpu,complex128,cpu
a,11,2.8284271247461903,(0.9594058753641814-0.17538918917390017j),cpu,<class 'numpy.float64'>,complex128,cpu,complex128,cpu
a,13,2.8284271247461903,(0.9594058743995615-0.17538918869187475j),cpu,<class 'numpy.float64'>,complex128,cpu,complex128,cpu
a,16,2.8284271247461903,(0.959405874401899-0.17538918868293168j),cpu,<class 'numpy.float64'>,complex128,cpu,complex128,cpu
a,19,2.8284271247461903,(0.9594058744019137-0.17538918868292364j),cpu,<class 'numpy.float64'>,complex128,cpu,complex128,cpu
a,22,2.8284271247461903,(0.959405874401914-0.17538918868292314j),cpu,<class 'numpy.float64'>,complex128,cpu,complex128,cpu
a,26,2.8284271247461903,(0.9594058744019138-0.17538918868292325j),cpu,<class 'numpy.float64'>,complex128,cpu,complex128,cpu
a,32,2.8284271247461903,(0.9594058744019136-0.17538918868292327j),cpu,<class 'numpy.float64'>,complex128,cpu,complex128,cpu
a,38,2.8284271247461903,(0.9594058744019136-0.17538918868292352j),cpu,<class 'numpy.float64'>,complex128,cpu,complex128,cpu
a,45,2.8284271247461903,(0.9594058744019138-0.17538918868292305j),cpu,<class 'numpy.float64'>,complex128,cpu,complex128,cpu
a,53,2.8284271247461903,(0.9594058744019145-0.17538918868292347j),cpu,<class 'numpy.float64'>,complex128,cpu,complex128,cpu
a,64,2.8284271247461903,(0.9594058744019139-0.17538918868292322j),cpu,<class 'numpy.float64'>,complex128,cpu,complex128,cpu
a,76,2.8284271247461903,(0.9594058744019139-0.17538918868292347j),cpu,<class 'numpy.float64'>,complex128,cpu,complex128,cpu
a,90,2.8284271247461903,(0.9594058744019145-0.17538918868292333j),cpu,<class 'numpy.float64'>,complex128,cpu,complex128,cpu
a,107,2.8284271247461903,(0.9594058744019138-0.1753891886829234j),cpu,<class 'numpy.float64'>,complex128,cpu,complex128,cpu
a,1,4.0,(0.6708504282400949+0.6245162596494485j),cpu,<class 'numpy.float64'>,complex128,cpu,complex128,cpu
a,2,4.0,(0.9555821002959033+0.79321095057478j),cpu,<class 'numpy.float64'>,complex128,cpu,complex128,cpu
a,3,4.0,(1.8362345387440824+0.5156385887638417j),cpu,<class 'numpy.float64'>,complex128,cpu,complex128,cpu
a,4,4.0,(1.3065300765605687+0.27917213166584987j),cpu,<class 'numpy.float64'>,complex128,cpu,complex128,cpu
a,5,4.0,(1.2238866971067959+0.48794733258724843j),cpu,<class 'numpy.float64'>,complex128,cpu,complex128,cpu
a,6,4.0,(1.3009216016606078+0.5006406506533665j),cpu,<class 'numpy.float64'>,complex128,cpu,complex128,cpu
a,8,4.0,(1.2981222745439507+0.48579401004459644j),cpu,<class 'numpy.float64'>,complex128,cpu,complex128,cpu
a,9,4.0,(1.2980756100621238+0.4860422055663618j),cpu,<class 'numpy.float64'>,complex128,cpu,complex128,cpu
a,11,4.0,(1.298100931971911+0.4860536064976955j),cpu,<class 'numpy.float64'>,complex128,cpu,complex128,cpu
a,13,4.0,(1.2981009180761267+0.48605340315140344j),cpu,<class 'numpy.float64'>,complex128,cpu,complex128,cpu
a,16,4.0,(1.2981009169168625+0.4860534030284005j),cpu,<class 'numpy.float64'>,complex128,cpu,complex128,cpu
a,19,4.0,(1.2981009169165492+0.48605340302883626j),cpu,<class 'numpy.float64'>,complex128,cpu,complex128,cpu
a,22,4.0,(1.2981009169165487+0.48605340302883715j),cpu,<class 'numpy.float64'>,complex128,cpu,complex128,cpu
a,26,4.0,(1.298100916916548+0.4860534030288366j),cpu,<class 'numpy.float64'>,complex128,cpu,complex128,cpu
a,32,4.0,(1.2981009169165478+0.4860534030288367j),cpu,<class 'numpy.float64'>,complex128,cpu,complex128,cpu
a,38,4.0,(1.2981009169165485+0.48605340302883654j),cpu,<class 'numpy.float64'>,complex128,cpu,complex128,cpu
a,45,4.0,(1.2981009169165487+0.48605340302883715j),cpu,<class 'numpy.float64'>,complex128,cpu,complex128,cpu
a,53,4.0,(1.2981009169165494+0.48605340302883704j),cpu,<class 'numpy.float64'>,complex128,cpu,complex128,cpu
a,64,4.0,(1.2981009169165483+0.48605340302883693j),cpu,<class 'numpy.float64'>,complex128,cpu,complex128,cpu
a,76,4.0,(1.2981009169165485+0.4860534030288368j),cpu,<class 'numpy.float64'>,complex128,cpu,complex128,cpu
a,90,4.0,(1.2981009169165494+0.48605340302883726j),cpu,<class 'numpy.float64'>,complex128,cpu,complex128,cpu
a,107,4.0,(1.2981009169165492+0.48605340302883704j),cpu,<class 'numpy.float64'>,complex128,cpu,complex128,cpu
a,128,4.0,(1.2981009169165483+0.48605340302883693j),cpu,<class 'numpy.float64'>,complex128,cpu,complex128,cpu
a,1,5.656854249492381,(-0.6383969760923406+0.4306324528855618j),cpu,<class 'numpy.float64'>,complex128,cpu,complex128,cpu
a,2,5.656854249492381,(-0.7198259388281689+0.41505294353793043j),cpu,<class 'numpy.float64'>,complex128,cpu,complex128,cpu
a,3,5.656854249492381,(-0.9918002714595064+0.46110649823704764j),cpu,<class 'numpy.float64'>,complex128,cpu,complex128,cpu
a,4,5.656854249492381,(-0.8665037801935902+0.3654731235107679j),cpu,<class 'numpy.float64'>,complex128,cpu,complex128,cpu
a,5,5.656854249492381,(-1.0377037376271452+0.1280193193487632j),cpu,<class 'numpy.float64'>,complex128,cpu,complex128,cpu
a,6,5.656854249492381,(-1.2282380397655175+0.3327008283578711j),cpu,<class 'numpy.float64'>,complex128,cpu,complex128,cpu
a,8,5.656854249492381,(-1.0904586951052573+0.32943118413266925j),cpu,<class 'numpy.float64'>,complex128,cpu,complex128,cpu
a,9,5.656854249492381,(-1.1008254178891212+0.33733982553262426j),cpu,<class 'numpy.float64'>,complex128,cpu,complex128,cpu
a,11,5.656854249492381,(-1.0988779389704681+0.33813577832514596j),cpu,<class 'numpy.float64'>,complex128,cpu,complex128,cpu
a,13,5.656854249492381,(-1.0989022448352157+0.33813533406455715j),cpu,<class 'numpy.float64'>,complex128,cpu,complex128,cpu
a,16,5.656854249492381,(-1.0989021312009237+0.33813538673842747j),cpu,<class 'numpy.float64'>,complex128,cpu,complex128,cpu
a,19,5.656854249492381,(-1.0989021312389071+0.33813538670870846j),cpu,<class 'numpy.float64'>,complex128,cpu,complex128,cpu
a,22,5.656854249492381,(-1.0989021312388993+0.3381353867087332j),cpu,<class 'numpy.float64'>,complex128,cpu,complex128,cpu
a,26,5.656854249492381,(-1.0989021312388996+0.3381353867087335j),cpu,<class 'numpy.float64'>,complex128,cpu,complex128,cpu
a,32,5.656854249492381,(-1.0989021312388987+0.33813538670873416j),cpu,<class 'numpy.float64'>,complex128,cpu,complex128,cpu
a,38,5.656854249492381,(-1.0989021312388996+0.3381353867087342j),cpu,<class 'numpy.float64'>,complex128,cpu,complex128,cpu
a,45,5.656854249492381,(-1.0989021312388991+0.3381353867087336j),cpu,<class 'numpy.float64'>,complex128,cpu,complex128,cpu
a,53,5.656854249492381,(-1.0989021312389002+0.3381353867087338j),cpu,<class 'numpy.float64'>,complex128,cpu,complex128,cpu
a,64,5.656854249492381,(-1.0989021312388996+0.33813538670873367j),cpu,<class 'numpy.float64'>,complex128,cpu,complex128,cpu
a,76,5.656854249492381,(-1.0989021312388998+0.33813538670873405j),cpu,<class 'numpy.float64'>,complex128,cpu,complex128,cpu
a,90,5.656854249492381,(-1.0989021312388996+0.3381353867087339j),cpu,<class 'numpy.float64'>,complex128,cpu,complex128,cpu
a,107,5.656854249492381,(-1.0989021312388996+0.338135386708734j),cpu,<class 'numpy.float64'>,complex128,cpu,complex128,cpu
a,128,5.656854249492381,(-1.0989021312388993+0.33813538670873383j),cpu,<class 'numpy.float64'>,complex128,cpu,complex128,cpu
a,152,5.656854249492381,(-1.0989021312389+0.33813538670873394j),cpu,<class 'numpy.float64'>,complex128,cpu,complex128,cpu
a,1,8.0,(0.1662692676434488-0.7160311259121828j),cpu,<class 'numpy.float64'>,complex128,cpu,complex128,cpu
a,2,8.0,(0.46011391985387184-1.2090347740668916j),cpu,<class 'numpy.float64'>,complex128,cpu,complex128,cpu
a,3,8.0,(0.651808918798242-1.3935315947216749j),cpu,<class 'numpy.float64'>,complex128,cpu,complex128,cpu
a,4,8.0,(1.2803634669415045-1.6356972141709778j),cpu,<class 'numpy.float64'>,complex128,cpu,complex128,cpu
a,5,8.0,(1.1293027868104915-1.9486500125138373j),cpu,<class 'numpy.float64'>,complex128,cpu,complex128,cpu
a,6,8.0,(1.6753000297535015-2.4817114968671743j),cpu,<class 'numpy.float64'>,complex128,cpu,complex128,cpu
a,8,8.0,(0.5430612701128525-1.8654103422786528j),cpu,<class 'numpy.float64'>,complex128,cpu,complex128,cpu
a,9,8.0,(0.9794165534189592-2.1478012641466444j),cpu,<class 'numpy.float64'>,complex128,cpu,complex128,cpu
a,11,8.0,(0.7868674820971471-2.1954050014792816j),cpu,<class 'numpy.float64'>,complex128,cpu,complex128,cpu
a,13,8.0,(0.7971753084691284-2.2049494098487465j),cpu,<class 'numpy.float64'>,complex128,cpu,complex128,cpu
a,16,8.0,(0.7971527494045318-2.204694288971715j),cpu,<class 'numpy.float64'>,complex128,cpu,complex128,cpu
a,19,8.0,(0.7971526627183677-2.2046944134019775j),cpu,<class 'numpy.float64'>,complex128,cpu,complex128,cpu
a,22,8.0,(0.7971526628126655-2.2046944133066226j),cpu,<class 'numpy.float64'>,complex128,cpu,complex128,cpu
a,26,8.0,(0.7971526628126591-2.204694413306667j),cpu,<class 'numpy.float64'>,complex128,cpu,complex128,cpu
a,32,8.0,(0.7971526628126575-2.2046944133066675j),cpu,<class 'numpy.float64'>,complex128,cpu,complex128,cpu
a,38,8.0,(0.7971526628126582-2.204694413306668j),cpu,<class 'numpy.float64'>,complex128,cpu,complex128,cpu
a,45,8.0,(0.7971526628126592-2.2046944133066675j),cpu,<class 'numpy.float64'>,complex128,cpu,complex128,cpu
a,53,8.0,(0.7971526628126606-2.204694413306669j),cpu,<class 'numpy.float64'>,complex128,cpu,complex128,cpu
a,64,8.0,(0.7971526628126593-2.204694413306668j),cpu,<class 'numpy.float64'>,complex128,cpu,complex128,cpu
a,76,8.0,(0.7971526628126591-2.204694413306668j),cpu,<class 'numpy.float64'>,complex128,cpu,complex128,cpu
a,90,8.0,(0.7971526628126586-2.2046944133066684j),cpu,<class 'numpy.float64'>,complex128,cpu,complex128,cpu
a,107,8.0,(0.7971526628126591-2.204694413306668j),cpu,<class 'numpy.float64'>,complex128,cpu,complex128,cpu
a,128,8.0,(0.7971526628126586-2.2046944133066675j),cpu,<class 'numpy.float64'>,complex128,cpu,complex128,cpu
a,152,8.0,(0.797152662812659-2.2046944133066684j),cpu,<class 'numpy.float64'>,complex128,cpu,complex128,cpu
a,1,11.313708498984761,(-0.25313001893806003+0.6860700374582827j),cpu,<class 'numpy.float64'>,complex128,cpu,complex128,cpu
a,2,11.313708498984761,(-0.5992662374788258+0.9887533439185379j),cpu,<class 'numpy.float64'>,complex128,cpu,complex128,cpu
a,3,11.313708498984761,(-0.7317897322410274+1.1822881466291206j),cpu,<class 'numpy.float64'>,complex128,cpu,complex128,cpu
a,4,11.313708498984761,(-1.0925470027971347+1.0763752734690444j),cpu,<class 'numpy.float64'>,complex128,cpu,complex128,cpu
a,5,11.313708498984761,(-1.1356732827610423+1.1803426953390483j),cpu,<class 'numpy.float64'>,complex128,cpu,complex128,cpu
a,6,11.313708498984761,(-1.5425305501386584+1.0094972396871422j),cpu,<class 'numpy.float64'>,complex128,cpu,complex128,cpu
a,8,11.313708498984761,(-1.5352773174771701+1.6427644020116419j),cpu,<class 'numpy.float64'>,complex128,cpu,complex128,cpu
a,9,11.313708498984761,(-1.2631435929724846+2.1004482620520815j),cpu,<class 'numpy.float64'>,complex128,cpu,complex128,cpu
a,11,11.313708498984761,(-1.4106367374825934+1.2982556187254972j),cpu,<class 'numpy.float64'>,complex128,cpu,complex128,cpu
a,13,11.313708498984761,(-1.1983962187727704+1.5752007001435486j),cpu,<class 'numpy.float64'>,complex128,cpu,complex128,cpu
a,16,11.313708498984761,(-1.2706804019354216+1.5663214969002475j),cpu,<class 'numpy.float64'>,complex128,cpu,complex128,cpu
a,19,11.313708498984761,(-1.2716012590996106+1.5662583700643031j),cpu,<class 'numpy.float64'>,complex128,cpu,complex128,cpu
a,22,11.313708498984761,(-1.2716020288570362+1.566257312853132j),cpu,<class 'numpy.float64'>,complex128,cpu,complex128,cpu
a,26,11.313708498984761,(-1.2716020273226023+1.5662573132742534j),cpu,<class 'numpy.float64'>,complex128,cpu,complex128,cpu
a,32,11.313708498984761,(-1.2716020273225919+1.5662573132743125j),cpu,<class 'numpy.float64'>,complex128,cpu,complex128,cpu
a,38,11.313708498984761,(-1.2716020273225919+1.5662573132743125j),cpu,<class 'numpy.float64'>,complex128,cpu,complex128,cpu
a,45,11.313708498984761,(-1.2716020273225923+1.566257313274312j),cpu,<class 'numpy.float64'>,complex128,cpu,complex128,cpu
a,53,11.313708498984761,(-1.271602027322595+1.5662573132743103j),cpu,<class 'numpy.float64'>,complex128,cpu,complex128,cpu
a,64,11.313708498984761,(-1.2716020273225928+1.5662573132743123j),cpu,<class 'numpy.float64'>,complex128,cpu,complex128,cpu
a,76,11.313708498984761,(-1.2716020273225934+1.5662573132743125j),cpu,<class 'numpy.float64'>,complex128,cpu,complex128,cpu
a,90,11.313708498984761,(-1.2716020273225936+1.5662573132743134j),cpu,<class 'numpy.float64'>,complex128,cpu,complex128,cpu
a,107,11.313708498984761,(-1.271602027322594+1.5662573132743125j),cpu,<class 'numpy.float64'>,complex128,cpu,complex128,cpu
a,128,11.313708498984761,(-1.2716020273225932+1.5662573132743123j),cpu,<class 'numpy.float64'>,complex128,cpu,complex128,cpu
a,152,11.313708498984761,(-1.2716020273225934+1.5662573132743127j),cpu,<class 'numpy.float64'>,complex128,cpu,complex128,cpu
a,181,11.313708498984761,(-1.271602027322594+1.5662573132743134j),cpu,<class 'numpy.float64'>,complex128,cpu,complex128,cpu
a,1,16.0,(0.7031464847870843+0.1661568311557391j),cpu,<class 'numpy.float64'>,complex128,cpu,complex128,cpu
a,2,16.0,(1.0799015307317748+0.1847353916999389j),cpu,<class 'numpy.float64'>,complex128,cpu,complex128,cpu
a,3,16.0,(1.2252256811065103+0.05939938401666105j),cpu,<class 'numpy.float64'>,complex128,cpu,complex128,cpu
a,4,16.0,(1.2578559039258097+0.020534459229195848j),cpu,<class 'numpy.float64'>,complex128,cpu,complex128,cpu
a,5,16.0,(1.0960561609380854-0.06404225456001306j),cpu,<class 'numpy.float64'>,complex128,cpu,complex128,cpu
a,6,16.0,(1.0788295073289254-0.023509367064771233j),cpu,<class 'numpy.float64'>,complex128,cpu,complex128,cpu
a,8,16.0,(0.9289393005294218+0.03698585644792109j),cpu,<class 'numpy.float64'>,complex128,cpu,complex128,cpu
a,9,16.0,(0.9248436964470839+0.035205465863341744j),cpu,<class 'numpy.float64'>,complex128,cpu,complex128,cpu
a,11,16.0,(1.0218785205151377+0.1713734135527195j),cpu,<class 'numpy.float64'>,complex128,cpu,complex128,cpu
a,13,16.0,(1.0897164324895383+0.12164604248268773j),cpu,<class 'numpy.float64'>,complex128,cpu,complex128,cpu
a,16,16.0,(1.032039367151817+0.16385465691829806j),cpu,<class 'numpy.float64'>,complex128,cpu,complex128,cpu
a,19,16.0,(1.0074099589450016+0.09971125677411155j),cpu,<class 'numpy.float64'>,complex128,cpu,complex128,cpu
a,22,16.0,(1.0036454632266438+0.09119143191151623j),cpu,<class 'numpy.float64'>,complex128,cpu,complex128,cpu
a,26,16.0,(1.0035488024252175+0.09104496365135527j),cpu,<class 'numpy.float64'>,complex128,cpu,complex128,cpu
a,32,16.0,(1.0035487245417463+0.09104501905173645j),cpu,<class 'numpy.float64'>,complex128,cpu,complex128,cpu
a,38,16.0,(1.0035487245418335+0.09104501905173151j),cpu,<class 'numpy.float64'>,complex128,cpu,complex128,cpu
a,45,16.0,(1.0035487245418335+0.09104501905173004j),cpu,<class 'numpy.float64'>,complex128,cpu,complex128,cpu
a,53,16.0,(1.003548724541834+0.09104501905173143j),cpu,<class 'numpy.float64'>,complex128,cpu,complex128,cpu
a,64,16.0,(1.003548724541834+0.09104501905173178j),cpu,<class 'numpy.float64'>,complex128,cpu,complex128,cpu
a,76,16.0,(1.0035487245418326+0.09104501905173236j),cpu,<class 'numpy.float64'>,complex128,cpu,complex128,cpu
a,90,16.0,(1.003548724541834+0.09104501905173085j),cpu,<class 'numpy.float64'>,complex128,cpu,complex128,cpu
a,107,16.0,(1.0035487245418333+0.0910450190517308j),cpu,<class 'numpy.float64'>,complex128,cpu,complex128,cpu
a,128,16.0,(1.0035487245418335+0.09104501905173143j),cpu,<class 'numpy.float64'>,complex128,cpu,complex128,cpu
a,152,16.0,(1.003548724541834+0.09104501905173146j),cpu,<class 'numpy.float64'>,complex128,cpu,complex128,cpu
a,181,16.0,(1.0035487245418337+0.09104501905173193j),cpu,<class 'numpy.float64'>,complex128,cpu,complex128,cpu
a,215,16.0,(1.0035487245418346+0.09104501905173204j),cpu,<class 'numpy.float64'>,complex128,cpu,complex128,cpu
a,1,22.627416997969522,(0.6642842401830107+0.41545787771435505j),cpu,<class 'numpy.float64'>,complex128,cpu,complex128,cpu
a,2,22.627416997969522,(0.9645609140206449+0.6111899246065129j),cpu,<class 'numpy.float64'>,complex128,cpu,complex128,cpu
a,3,22.627416997969522,(1.3994549368126274+0.557718579092262j),cpu,<class 'numpy.float64'>,complex128,cpu,complex128,cpu
a,4,22.627416997969522,(1.3957653590722767+0.5555359988878645j),cpu,<class 'numpy.float64'>,complex128,cpu,complex128,cpu
a,5,22.627416997969522,(1.4532612283031296+0.3101195035371891j),cpu,<class 'numpy.float64'>,complex128,cpu,complex128,cpu
a,6,22.627416997969522,(1.3636521896272797+0.30977863061332567j),cpu,<class 'numpy.float64'>,complex128,cpu,complex128,cpu
a,8,22.627416997969522,(1.210436734841633+0.18187846940799884j),cpu,<class 'numpy.float64'>,complex128,cpu,complex128,cpu
a,9,22.627416997969522,(1.2002809784279882+0.13987310313349907j),cpu,<class 'numpy.float64'>,complex128,cpu,complex128,cpu
a,11,22.627416997969522,(1.0837727263814476+0.23608589950534803j),cpu,<class 'numpy.float64'>,complex128,cpu,complex128,cpu
a,13,22.627416997969522,(1.0726284063763123+0.38939611305772825j),cpu,<class 'numpy.float64'>,complex128,cpu,complex128,cpu
a,16,22.627416997969522,(1.25405804169445+0.3125950513911682j),cpu,<class 'numpy.float64'>,complex128,cpu,complex128,cpu
a,19,22.627416997969522,(1.0691786140272355+0.25197801665916103j),cpu,<class 'numpy.float64'>,complex128,cpu,complex128,cpu
a,22,22.627416997969522,(1.1371283239677408+0.1853769842344467j),cpu,<class 'numpy.float64'>,complex128,cpu,complex128,cpu
a,26,22.627416997969522,(1.133348142851593+0.3035886888873115j),cpu,<class 'numpy.float64'>,complex128,cpu,complex128,cpu
a,32,22.627416997969522,(1.1413227259961816+0.29695469320431667j),cpu,<class 'numpy.float64'>,complex128,cpu,complex128,cpu
a,38,22.627416997969522,(1.141323953297624+0.2969524447382467j),cpu,<class 'numpy.float64'>,complex128,cpu,complex128,cpu
a,45,22.627416997969522,(1.1413239533075994+0.2969524447460781j),cpu,<class 'numpy.float64'>,complex128,cpu,complex128,cpu
a,53,22.627416997969522,(1.1413239533075965+0.2969524447460777j),cpu,<class 'numpy.float64'>,complex128,cpu,complex128,cpu
a,64,22.627416997969522,(1.1413239533076007+0.29695244474607846j),cpu,<class 'numpy.float64'>,complex128,cpu,complex128,cpu
a,76,22.627416997969522,(1.1413239533075978+0.29695244474607707j),cpu,<class 'numpy.float64'>,complex128,cpu,complex128,cpu
a,90,22.627416997969522,(1.1413239533075994+0.29695244474607807j),cpu,<class 'numpy.float64'>,complex128,cpu,complex128,cpu
a,107,22.627416997969522,(1.1413239533075983+0.2969524447460793j),cpu,<class 'numpy.float64'>,complex128,cpu,complex128,cpu
a,128,22.627416997969522,(1.1413239533075998+0.29695244474607807j),cpu,<class 'numpy.float64'>,complex128,cpu,complex128,cpu
a,152,22.627416997969522,(1.1413239533075996+0.2969524447460781j),cpu,<class 'numpy.float64'>,complex128,cpu,complex128,cpu
a,181,22.627416997969522,(1.1413239533075987+0.29695244474607935j),cpu,<class 'numpy.float64'>,complex128,cpu,complex128,cpu
a,215,22.627416997969522,(1.141323953307598+0.2969524447460789j),cpu,<class 'numpy.float64'>,complex128,cpu,complex128,cpu
a,1,32.0,(-0.6710517609969929-0.38189582523277j),cpu,<class 'numpy.float64'>,complex128,cpu,complex128,cpu
a,2,32.0,(-0.9810226167342411-0.5623008579403093j),cpu,<class 'numpy.float64'>,complex128,cpu,complex128,cpu
a,3,32.0,(-1.3606215302779452-0.5250760300147922j),cpu,<class 'numpy.float64'>,complex128,cpu,complex128,cpu
a,4,32.0,(-1.380890959886322-0.5316906802104735j),cpu,<class 'numpy.float64'>,complex128,cpu,complex128,cpu
a,5,32.0,(-1.4148236463951687-0.3245407363881032j),cpu,<class 'numpy.float64'>,complex128,cpu,complex128,cpu
a,6,32.0,(-1.3784984977549621-0.32598332544808184j),cpu,<class 'numpy.float64'>,complex128,cpu,complex128,cpu
a,8,32.0,(-1.2687531748272933-0.18567450459459006j),cpu,<class 'numpy.float64'>,complex128,cpu,complex128,cpu
a,9,32.0,(-1.2353982119455447-0.09585951649555054j),cpu,<class 'numpy.float64'>,complex128,cpu,complex128,cpu
a,11,32.0,(-1.129428299904844-0.11461526661807764j),cpu,<class 'numpy.float64'>,complex128,cpu,complex128,cpu
a,13,32.0,(-1.047790696320525-0.20032293178092528j),cpu,<class 'numpy.float64'>,complex128,cpu,complex128,cpu
a,16,32.0,(-1.0614868872055392-0.3110042795020555j),cpu,<class 'numpy.float64'>,complex128,cpu,complex128,cpu
a,19,32.0,(-1.1626773302113431-0.27902888511839474j),cpu,<class 'numpy.float64'>,complex128,cpu,complex128,cpu
a,22,32.0,(-1.066017656349758-0.2442751170051899j),cpu,<class 'numpy.float64'>,complex128,cpu,complex128,cpu
a,26,32.0,(-1.1430440263354171-0.20876871965245875j),cpu,<class 'numpy.float64'>,complex128,cpu,complex128,cpu
a,32,32.0,(-1.0515019802582635-0.33525189767875635j),cpu,<class 'numpy.float64'>,complex128,cpu,complex128,cpu
a,38,32.0,(-1.1127596784362774-0.2604904575048149j),cpu,<class 'numpy.float64'>,complex128,cpu,complex128,cpu
a,45,32.0,(-1.1126966503716527-0.25954650878155405j),cpu,<class 'numpy.float64'>,complex128,cpu,complex128,cpu
a,53,32.0,(-1.1126966314996372-0.25954651853294874j),cpu,<class 'numpy.float64'>,complex128,cpu,complex128,cpu
a,64,32.0,(-1.1126966314996436-0.25954651853296046j),cpu,<class 'numpy.float64'>,complex128,cpu,complex128,cpu
a,76,32.0,(-1.1126966314996387-0.25954651853295374j),cpu,<class 'numpy.float64'>,complex128,cpu,complex128,cpu
a,90,32.0,(-1.1126966314996425-0.2595465185329555j),cpu,<class 'numpy.float64'>,complex128,cpu,complex128,cpu
a,107,32.0,(-1.112696631499642-0.2595465185329501j),cpu,<class 'numpy.float64'>,complex128,cpu,complex128,cpu
a,128,32.0,(-1.112696631499644-0.2595465185329579j),cpu,<class 'numpy.float64'>,complex128,cpu,complex128,cpu
a,152,32.0,(-1.1126966314996394-0.25954651853295496j),cpu,<class 'numpy.float64'>,complex128,cpu,complex128,cpu
a,181,32.0,(-1.1126966314996407-0.25954651853295585j),cpu,<class 'numpy.float64'>,complex128,cpu,complex128,cpu
a,215,32.0,(-1.1126966314996436-0.25954651853295363j),cpu,<class 'numpy.float64'>,complex128,cpu,complex128,cpu
a,256,32.0,(-1.1126966314996432-0.2595465185329563j),cpu,<class 'numpy.float64'>,complex128,cpu,complex128,cpu
a,1,45.254833995939045,(-0.20666596200125134-0.7689235889604538j),cpu,<class 'numpy.float64'>,complex128,cpu,complex128,cpu
a,2,45.254833995939045,(-0.35836229285689725-1.1230358950483772j),cpu,<class 'numpy.float64'>,complex128,cpu,complex128,cpu
a,3,45.254833995939045,(-0.39475784101152755-1.60947012751973j),cpu,<class 'numpy.float64'>,complex128,cpu,complex128,cpu
a,4,45.254833995939045,(-0.5214981750615868-1.6709679328956972j),cpu,<class 'numpy.float64'>,complex128,cpu,complex128,cpu
a,5,45.254833995939045,(-0.4390499818557163-1.8878988226704396j),cpu,<class 'numpy.float64'>,complex128,cpu,complex128,cpu
a,6,45.254833995939045,(-0.6583112363490174-1.9633451463202651j),cpu,<class 'numpy.float64'>,complex128,cpu,complex128,cpu
a,8,45.254833995939045,(-0.9902792269753674-2.243971124294906j),cpu,<class 'numpy.float64'>,complex128,cpu,complex128,cpu
a,9,45.254833995939045,(-1.0097542245658269-2.4352642817221586j),cpu,<class 'numpy.float64'>,complex128,cpu,complex128,cpu
a,11,45.254833995939045,(-1.5157514851542728-2.235752279177581j),cpu,<class 'numpy.float64'>,complex128,cpu,complex128,cpu
a,13,45.254833995939045,(-1.64735510711479-1.7674163786756092j),cpu,<class 'numpy.float64'>,complex128,cpu,complex128,cpu
a,16,45.254833995939045,(-1.502006383758748-1.4031617866302195j),cpu,<class 'numpy.float64'>,complex128,cpu,complex128,cpu
a,19,45.254833995939045,(-1.0580549493369755-1.4351253747892077j),cpu,<class 'numpy.float64'>,complex128,cpu,complex128,cpu
a,22,45.254833995939045,(-1.1786020641383577-1.8712673049718265j),cpu,<class 'numpy.float64'>,complex128,cpu,complex128,cpu
a,26,45.254833995939045,(-1.3340083891094299-1.5343713833594967j),cpu,<class 'numpy.float64'>,complex128,cpu,complex128,cpu
a,32,45.254833995939045,(-1.3280983285922912-1.7182596096300595j),cpu,<class 'numpy.float64'>,complex128,cpu,complex128,cpu
a,38,45.254833995939045,(-1.3832803346057252-1.6719233251398586j),cpu,<class 'numpy.float64'>,complex128,cpu,complex128,cpu
a,45,45.254833995939045,(-1.2946100789444945-1.811090188874303j),cpu,<class 'numpy.float64'>,complex128,cpu,complex128,cpu
a,53,45.254833995939045,(-1.280242550533395-1.652127429603711j),cpu,<class 'numpy.float64'>,complex128,cpu,complex128,cpu
a,64,45.254833995939045,(-1.2804646601699634-1.6518405835217322j),cpu,<class 'numpy.float64'>,complex128,cpu,complex128,cpu
a,76,45.254833995939045,(-1.2804646601530045-1.6518405835442187j),cpu,<class 'numpy.float64'>,complex128,cpu,complex128,cpu
a,90,45.254833995939045,(-1.2804646601529976-1.651840583544232j),cpu,<class 'numpy.float64'>,complex128,cpu,complex128,cpu
a,107,45.254833995939045,(-1.2804646601529996-1.6518405835442196j),cpu,<class 'numpy.float64'>,complex128,cpu,complex128,cpu
a,128,45.254833995939045,(-1.2804646601529952-1.65184058354423j),cpu,<class 'numpy.float64'>,complex128,cpu,complex128,cpu
a,152,45.254833995939045,(-1.2804646601530003-1.651840583544221j),cpu,<class 'numpy.float64'>,complex128,cpu,complex128,cpu
a,181,45.254833995939045,(-1.2804646601529979-1.6518405835442218j),cpu,<class 'numpy.float64'>,complex128,cpu,complex128,cpu
a,215,45.254833995939045,(-1.2804646601529988-1.6518405835442216j),cpu,<class 'numpy.float64'>,complex128,cpu,complex128,cpu
a,256,45.254833995939045,(-1.2804646601529959-1.6518405835442298j),cpu,<class 'numpy.float64'>,complex128,cpu,complex128,cpu
a,304,45.254833995939045,(-1.280464660152999-1.6518405835442247j),cpu,<class 'numpy.float64'>,complex128,cpu,complex128,cpu
a,1,64.0,(-0.2994799280126777-0.7402560549562187j),cpu,<class 'numpy.float64'>,complex128,cpu,complex128,cpu
a,2,64.0,(-0.47242771216629753-1.0532457243797106j),cpu,<class 'numpy.float64'>,complex128,cpu,complex128,cpu
a,3,64.0,(-0.6210939667433857-1.5094001372180421j),cpu,<class 'numpy.float64'>,complex128,cpu,complex128,cpu
a,4,64.0,(-0.7086049586375064-1.5101269149267444j),cpu,<class 'numpy.float64'>,complex128,cpu,complex128,cpu
a,5,64.0,(-0.73482747057768-1.7081544466224707j),cpu,<class 'numpy.float64'>,complex128,cpu,complex128,cpu
a,6,64.0,(-0.8677404827709607-1.6843550651432162j),cpu,<class 'numpy.float64'>,complex128,cpu,complex128,cpu
a,8,64.0,(-1.1260787387286935-1.8186757887055627j),cpu,<class 'numpy.float64'>,complex128,cpu,complex128,cpu
a,9,64.0,(-1.235590871313827-2.010091499059266j),cpu,<class 'numpy.float64'>,complex128,cpu,complex128,cpu
a,11,64.0,(-1.5940768390293256-1.9002213558236216j),cpu,<class 'numpy.float64'>,complex128,cpu,complex128,cpu
a,13,64.0,(-1.7746802994297295-1.5841808561673467j),cpu,<class 'numpy.float64'>,complex128,cpu,complex128,cpu
a,16,64.0,(-1.7046553110939695-1.08800731927096j),cpu,<class 'numpy.float64'>,complex128,cpu,complex128,cpu
a,19,64.0,(-1.3713515517267236-1.0348917135510423j),cpu,<class 'numpy.float64'>,complex128,cpu,complex128,cpu
a,22,64.0,(-1.2371098362046795-1.1943507227069656j),cpu,<class 'numpy.float64'>,complex128,cpu,complex128,cpu
a,26,64.0,(-1.3553796819606423-1.4501701232990372j),cpu,<class 'numpy.float64'>,complex128,cpu,complex128,cpu
a,32,64.0,(-1.3583439004606537-1.1595844614174922j),cpu,<class 'numpy.float64'>,complex128,cpu,complex128,cpu
a,38,64.0,(-1.432505891952276-1.3459508674614094j),cpu,<class 'numpy.float64'>,complex128,cpu,complex128,cpu
a,45,64.0,(-1.4255438098876256-1.4228619061209515j),cpu,<class 'numpy.float64'>,complex128,cpu,complex128,cpu
a,53,64.0,(-1.4119303938026562-1.106950260893119j),cpu,<class 'numpy.float64'>,complex128,cpu,complex128,cpu
a,64,64.0,(-1.365247986069904-1.1849577440931616j),cpu,<class 'numpy.float64'>,complex128,cpu,complex128,cpu
a,76,64.0,(-1.378240502801452-1.2719765111521917j),cpu,<class 'numpy.float64'>,complex128,cpu,complex128,cpu
a,90,64.0,(-1.3782437183836898-1.2719812497014265j),cpu,<class 'numpy.float64'>,complex128,cpu,complex128,cpu
a,107,64.0,(-1.3782437183836902-1.2719812497014202j),cpu,<class 'numpy.float64'>,complex128,cpu,complex128,cpu
a,128,64.0,(-1.3782437183836878-1.2719812497014211j),cpu,<class 'numpy.float64'>,complex128,cpu,complex128,cpu
a,152,64.0,(-1.3782437183836902-1.2719812497014278j),cpu,<class 'numpy.float64'>,complex128,cpu,complex128,cpu
a,181,64.0,(-1.3782437183836913-1.2719812497014171j),cpu,<class 'numpy.float64'>,complex128,cpu,complex128,cpu
a,215,64.0,(-1.378243718383687-1.2719812497014238j),cpu,<class 'numpy.float64'>,complex128,cpu,complex128,cpu
a,256,64.0,(-1.3782437183836855-1.2719812497014256j),cpu,<class 'numpy.float64'>,complex128,cpu,complex128,cpu
a,304,64.0,(-1.3782437183836862-1.2719812497014251j),cpu,<class 'numpy.float64'>,complex128,cpu,complex128,cpu
a,362,64.0,(-1.378243718383687-1.2719812497014216j),cpu,<class 'numpy.float64'>,complex128,cpu,complex128,cpu
a,1,90.50966799187809,(0.636755372401405-0.42467024968446265j),cpu,<class 'numpy.float64'>,complex128,cpu,complex128,cpu
a,2,90.50966799187809,(0.8486738339451232-0.5465857575711907j),cpu,<class 'numpy.float64'>,complex128,cpu,complex128,cpu
a,3,90.50966799187809,(1.1037458581729478-0.6899766540727007j),cpu,<class 'numpy.float64'>,complex128,cpu,complex128,cpu
a,4,90.50966799187809,(1.0408560368774964-0.6315730011544964j),cpu,<class 'numpy.float64'>,complex128,cpu,complex128,cpu
a,5,90.50966799187809,(1.0616904606591855-0.6164244493893389j),cpu,<class 'numpy.float64'>,complex128,cpu,complex128,cpu
a,6,90.50966799187809,(1.0002002754055899-0.5658743114073247j),cpu,<class 'numpy.float64'>,complex128,cpu,complex128,cpu
a,8,90.50966799187809,(0.9641375802843256-0.5019911270577917j),cpu,<class 'numpy.float64'>,complex128,cpu,complex128,cpu
a,9,90.50966799187809,(0.9853679072445062-0.47142343235664874j),cpu,<class 'numpy.float64'>,complex128,cpu,complex128,cpu
a,11,90.50966799187809,(0.9622320219771883-0.4015058475258554j),cpu,<class 'numpy.float64'>,complex128,cpu,complex128,cpu
a,13,90.50966799187809,(0.9503617243101459-0.33081279312757683j),cpu,<class 'numpy.float64'>,complex128,cpu,complex128,cpu
a,16,90.50966799187809,(0.9443529932438731-0.25469242774100687j),cpu,<class 'numpy.float64'>,complex128,cpu,complex128,cpu
a,19,90.50966799187809,(1.0272302326141873-0.13309122966984968j),cpu,<class 'numpy.float64'>,complex128,cpu,complex128,cpu
a,22,90.50966799187809,(1.161511947123608-0.161515854694828j),cpu,<class 'numpy.float64'>,complex128,cpu,complex128,cpu
a,26,90.50966799187809,(1.2728661459935755-0.2929427337371728j),cpu,<class 'numpy.float64'>,complex128,cpu,complex128,cpu
a,32,90.50966799187809,(1.023917132671508-0.3080750751825925j),cpu,<class 'numpy.float64'>,complex128,cpu,complex128,cpu
a,38,90.50966799187809,(1.1727922078112591-0.21185509742199682j),cpu,<class 'numpy.float64'>,complex128,cpu,complex128,cpu
a,45,90.50966799187809,(1.0514011987316838-0.1880614719845456j),cpu,<class 'numpy.float64'>,complex128,cpu,complex128,cpu
a,53,90.50966799187809,(1.051994534126198-0.27235949475706733j),cpu,<class 'numpy.float64'>,complex128,cpu,complex128,cpu
a,64,90.50966799187809,(1.1384279678183644-0.31186316179333073j),cpu,<class 'numpy.float64'>,complex128,cpu,complex128,cpu
a,76,90.50966799187809,(1.095694151362357-0.28211609856504805j),cpu,<class 'numpy.float64'>,complex128,cpu,complex128,cpu
a,90,90.50966799187809,(1.1394198208505832-0.326663024530982j),cpu,<class 'numpy.float64'>,complex128,cpu,complex128,cpu
a,107,90.50966799187809,(1.114356225073868-0.2799449824001845j),cpu,<class 'numpy.float64'>,complex128,cpu,complex128,cpu
a,128,90.50966799187809,(1.1143561436412859-0.2799448829830721j),cpu,<class 'numpy.float64'>,complex128,cpu,complex128,cpu
a,152,90.50966799187809,(1.1143561436412903-0.2799448829830711j),cpu,<class 'numpy.float64'>,complex128,cpu,complex128,cpu
a,181,90.50966799187809,(1.114356143641295-0.27994488298309295j),cpu,<class 'numpy.float64'>,complex128,cpu,complex128,cpu
a,215,90.50966799187809,(1.1143561436412792-0.2799448829830729j),cpu,<class 'numpy.float64'>,complex128,cpu,complex128,cpu
a,256,90.50966799187809,(1.114356143641281-0.2799448829830722j),cpu,<class 'numpy.float64'>,complex128,cpu,complex128,cpu
a,304,90.50966799187809,(1.1143561436412834-0.2799448829830815j),cpu,<class 'numpy.float64'>,complex128,cpu,complex128,cpu
a,362,90.50966799187809,(1.1143561436412894-0.2799448829830819j),cpu,<class 'numpy.float64'>,complex128,cpu,complex128,cpu
a,430,90.50966799187809,(1.1143561436412828-0.2799448829830782j),cpu,<class 'numpy.float64'>,complex128,cpu,complex128,cpu
a,1,128.0,(0.5291537144594198-0.5506456834587603j),cpu,<class 'numpy.float64'>,complex128,cpu,complex128,cpu
a,2,128.0,(0.7564508324637573-0.7117255619776103j),cpu,<class 'numpy.float64'>,complex128,cpu,complex128,cpu
a,3,128.0,(0.9703697036084236-0.9166239384050444j),cpu,<class 'numpy.float64'>,complex128,cpu,complex128,cpu
a,4,128.0,(0.9704216332689998-0.8352962935587956j),cpu,<class 'numpy.float64'>,complex128,cpu,complex128,cpu
a,5,128.0,(0.9784919680993271-0.8391832194634148j),cpu,<class 'numpy.float64'>,complex128,cpu,complex128,cpu
a,6,128.0,(0.9677796956159916-0.7607003379922914j),cpu,<class 'numpy.float64'>,complex128,cpu,complex128,cpu
a,8,128.0,(0.9615664082448659-0.687931618412921j),cpu,<class 'numpy.float64'>,complex128,cpu,complex128,cpu
a,9,128.0,(0.9773611165491893-0.6839090299376814j),cpu,<class 'numpy.float64'>,complex128,cpu,complex128,cpu
a,11,128.0,(0.9822094762302785-0.6118694587411004j),cpu,<class 'numpy.float64'>,complex128,cpu,complex128,cpu
a,13,128.0,(0.9933603191688839-0.5415830695199606j),cpu,<class 'numpy.float64'>,complex128,cpu,complex128,cpu
a,16,128.0,(0.9931457727338564-0.4316896989494452j),cpu,<class 'numpy.float64'>,complex128,cpu,complex128,cpu
a,19,128.0,(1.0943691256146513-0.3418679617095224j),cpu,<class 'numpy.float64'>,complex128,cpu,complex128,cpu
a,22,128.0,(1.167621358089808-0.3039869112047513j),cpu,<class 'numpy.float64'>,complex128,cpu,complex128,cpu
a,26,128.0,(1.3499434399409187-0.3695352686373239j),cpu,<class 'numpy.float64'>,complex128,cpu,complex128,cpu
a,32,128.0,(1.3480969620456076-0.6615208771022929j),cpu,<class 'numpy.float64'>,complex128,cpu,complex128,cpu
a,38,128.0,(1.1185849142747257-0.4730518285752855j),cpu,<class 'numpy.float64'>,complex128,cpu,complex128,cpu
a,45,128.0,(1.3552081000302427-0.4975265543913008j),cpu,<class 'numpy.float64'>,complex128,cpu,complex128,cpu
a,53,128.0,(1.2000650385392655-0.39451480223643887j),cpu,<class 'numpy.float64'>,complex128,cpu,complex128,cpu
a,64,128.0,(1.2474527951375056-0.4087713934760794j),cpu,<class 'numpy.float64'>,complex128,cpu,complex128,cpu
a,76,128.0,(1.2559068061151448-0.5205808298124391j),cpu,<class 'numpy.float64'>,complex128,cpu,complex128,cpu
a,90,128.0,(1.271022567513894-0.503440869904396j),cpu,<class 'numpy.float64'>,complex128,cpu,complex128,cpu
a,107,128.0,(1.2246896167192953-0.5067957336498398j),cpu,<class 'numpy.float64'>,complex128,cpu,complex128,cpu
a,128,128.0,(1.2696121285506936-0.46200134892454514j),cpu,<class 'numpy.float64'>,complex128,cpu,complex128,cpu
a,152,128.0,(1.2338173921767477-0.486831212044974j),cpu,<class 'numpy.float64'>,complex128,cpu,complex128,cpu
a,181,128.0,(1.2338173924184428-0.4868312119882485j),cpu,<class 'numpy.float64'>,complex128,cpu,complex128,cpu
a,215,128.0,(1.2338173924184406-0.486831211988263j),cpu,<class 'numpy.float64'>,complex128,cpu,complex128,cpu
a,256,128.0,(1.2338173924184321-0.48683121198824797j),cpu,<class 'numpy.float64'>,complex128,cpu,complex128,cpu
a,304,128.0,(1.2338173924184281-0.48683121198824547j),cpu,<class 'numpy.float64'>,complex128,cpu,complex128,cpu
a,362,128.0,(1.233817392418422-0.48683121198823487j),cpu,<class 'numpy.float64'>,complex128,cpu,complex128,cpu
a,430,128.0,(1.2338173924184348-0.4868312119882561j),cpu,<class 'numpy.float64'>,complex128,cpu,complex128,cpu
a,512,128.0,(1.2338173924184335-0.48683121198824364j),cpu,<class 'numpy.float64'>,complex128,cpu,complex128,cpu
a,1,181.01933598375618,(-0.2825558193883314+0.7012439894494652j),cpu,<class 'numpy.float64'>,complex128,cpu,complex128,cpu
a,2,181.01933598375618,(-0.4621327131534224+0.9995408551032925j),cpu,<class 'numpy.float64'>,complex128,cpu,complex128,cpu
a,3,181.01933598375618,(-0.5906869299794327+1.2535614316587391j),cpu,<class 'numpy.float64'>,complex128,cpu,complex128,cpu
a,4,181.01933598375618,(-0.6705150487115958+1.2513496783258624j),cpu,<class 'numpy.float64'>,complex128,cpu,complex128,cpu
a,5,181.01933598375618,(-0.6687704756933961+1.2281091375988602j),cpu,<class 'numpy.float64'>,complex128,cpu,complex128,cpu
a,6,181.01933598375618,(-0.7458326610637833+1.2110456027153442j),cpu,<class 'numpy.float64'>,complex128,cpu,complex128,cpu
a,8,181.01933598375618,(-0.8158169727583213+1.1611056891887208j),cpu,<class 'numpy.float64'>,complex128,cpu,complex128,cpu
a,9,181.01933598375618,(-0.8088595629072195+1.143019998385172j),cpu,<class 'numpy.float64'>,complex128,cpu,complex128,cpu
a,11,181.01933598375618,(-0.8802827470932513+1.0992288226013123j),cpu,<class 'numpy.float64'>,complex128,cpu,complex128,cpu
a,13,181.01933598375618,(-0.9559774454416688+1.0566976361080882j),cpu,<class 'numpy.float64'>,complex128,cpu,complex128,cpu
a,16,181.01933598375618,(-1.114856260504844+0.9611936623724389j),cpu,<class 'numpy.float64'>,complex128,cpu,complex128,cpu
a,19,181.01933598375618,(-1.2414192857931718+0.9636326674030594j),cpu,<class 'numpy.float64'>,complex128,cpu,complex128,cpu
a,22,181.01933598375618,(-1.4366561793052037+0.9078018665418248j),cpu,<class 'numpy.float64'>,complex128,cpu,complex128,cpu
a,26,181.01933598375618,(-1.6760508798166858+1.061007796069994j),cpu,<class 'numpy.float64'>,complex128,cpu,complex128,cpu
a,32,181.01933598375618,(-1.6118375855699645+1.5766955117164083j),cpu,<class 'numpy.float64'>,complex128,cpu,complex128,cpu
a,38,181.01933598375618,(-1.0817985803012924+1.5692798374753467j),cpu,<class 'numpy.float64'>,complex128,cpu,complex128,cpu
a,45,181.01933598375618,(-1.3296306076240478+1.1044982552912785j),cpu,<class 'numpy.float64'>,complex128,cpu,complex128,cpu
a,53,181.01933598375618,(-1.4427854274607215+1.5061265770211891j),cpu,<class 'numpy.float64'>,complex128,cpu,complex128,cpu
a,64,181.01933598375618,(-1.4775410373166922+1.255340151716702j),cpu,<class 'numpy.float64'>,complex128,cpu,complex128,cpu
a,76,181.01933598375618,(-1.42042788387506+1.3311345461024353j),cpu,<class 'numpy.float64'>,complex128,cpu,complex128,cpu
a,90,181.01933598375618,(-1.3785073805637524+1.3832366058590653j),cpu,<class 'numpy.float64'>,complex128,cpu,complex128,cpu
a,107,181.01933598375618,(-1.389916565346483+1.3634103549995593j),cpu,<class 'numpy.float64'>,complex128,cpu,complex128,cpu
a,128,181.01933598375618,(-1.34551109815545+1.3616507733016914j),cpu,<class 'numpy.float64'>,complex128,cpu,complex128,cpu
a,152,181.01933598375618,(-1.3515131879631972+1.3286302988444558j),cpu,<class 'numpy.float64'>,complex128,cpu,complex128,cpu
a,181,181.01933598375618,(-1.307509751983682+1.35754626240915j),cpu,<class 'numpy.float64'>,complex128,cpu,complex128,cpu
a,215,181.01933598375618,(-1.3578754043920587+1.3570547686337697j),cpu,<class 'numpy.float64'>,complex128,cpu,complex128,cpu
a,256,181.01933598375618,(-1.357875404392089+1.3570547686338177j),cpu,<class 'numpy.float64'>,complex128,cpu,complex128,cpu
a,304,181.01933598375618,(-1.3578754043920747+1.357054768633811j),cpu,<class 'numpy.float64'>,complex128,cpu,complex128,cpu
a,362,181.01933598375618,(-1.357875404392077+1.3570547686338252j),cpu,<class 'numpy.float64'>,complex128,cpu,complex128,cpu
a,430,181.01933598375618,(-1.3578754043920545+1.3570547686338257j),cpu,<class 'numpy.float64'>,complex128,cpu,complex128,cpu
a,512,181.01933598375618,(-1.3578754043920844+1.357054768633806j),cpu,<class 'numpy.float64'>,complex128,cpu,complex128,cpu
a,608,181.01933598375618,(-1.3578754043920704+1.3570547686338168j),cpu,<class 'numpy.float64'>,complex128,cpu,complex128,cpu
a,1,256.0,(0.016324093327200945+0.7654686878694059j),cpu,<class 'numpy.float64'>,complex128,cpu,complex128,cpu
a,2,256.0,(0.028094835461733032+1.1291500609448417j),cpu,<class 'numpy.float64'>,complex128,cpu,complex128,cpu
a,3,256.0,(-0.017303337574368333+1.4566755182937454j),cpu,<class 'numpy.float64'>,complex128,cpu,complex128,cpu
a,4,256.0,(-0.013958888387077555+1.51842740439495j),cpu,<class 'numpy.float64'>,complex128,cpu,complex128,cpu
a,5,256.0,(-0.07263967925318132+1.5276752450635374j),cpu,<class 'numpy.float64'>,complex128,cpu,complex128,cpu
a,6,256.0,(-0.07267139562299246+1.5889904017635064j),cpu,<class 'numpy.float64'>,complex128,cpu,complex128,cpu
a,8,256.0,(-0.13821575614774273+1.6568534113165723j),cpu,<class 'numpy.float64'>,complex128,cpu,complex128,cpu
a,9,256.0,(-0.20114613898408698+1.6513324865727905j),cpu,<class 'numpy.float64'>,complex128,cpu,complex128,cpu
a,11,256.0,(-0.27350128974707544+1.722981916684627j),cpu,<class 'numpy.float64'>,complex128,cpu,complex128,cpu
a,13,256.0,(-0.35008370651487575+1.8059374217469182j),cpu,<class 'numpy.float64'>,complex128,cpu,complex128,cpu
a,16,256.0,(-0.4560161228325801+2.0382149405648002j),cpu,<class 'numpy.float64'>,complex128,cpu,complex128,cpu
a,19,256.0,(-0.5702706805075863+2.1825956072701693j),cpu,<class 'numpy.float64'>,complex128,cpu,complex128,cpu
a,22,256.0,(-0.6206566901839251+2.605247191219113j),cpu,<class 'numpy.float64'>,complex128,cpu,complex128,cpu
a,26,256.0,(-0.4109594748733101+3.1185251922117834j),cpu,<class 'numpy.float64'>,complex128,cpu,complex128,cpu
a,32,256.0,(0.45537464218546725+3.2204667468862382j),cpu,<class 'numpy.float64'>,complex128,cpu,complex128,cpu
a,38,256.0,(0.7232778402573086+2.568466511859739j),cpu,<class 'numpy.float64'>,complex128,cpu,complex128,cpu
a,45,256.0,(0.38060209118928257+2.0913655633973915j),cpu,<class 'numpy.float64'>,complex128,cpu,complex128,cpu
a,53,256.0,(-0.03482263172153265+2.5579872047768673j),cpu,<class 'numpy.float64'>,complex128,cpu,complex128,cpu
a,64,256.0,(0.4776176557282449+2.3895777220737644j),cpu,<class 'numpy.float64'>,complex128,cpu,complex128,cpu
a,76,256.0,(0.22538374422908145+2.597849359882538j),cpu,<class 'numpy.float64'>,complex128,cpu,complex128,cpu
a,90,256.0,(0.2026869703798417+2.4677619364886088j),cpu,<class 'numpy.float64'>,complex128,cpu,complex128,cpu
a,107,256.0,(0.2182972380475786+2.6160273503086584j),cpu,<class 'numpy.float64'>,complex128,cpu,complex128,cpu
a,128,256.0,(0.37193248275152246+2.5599942687532975j),cpu,<class 'numpy.float64'>,complex128,cpu,complex128,cpu
a,152,256.0,(0.22914528829483882+2.4872374179881964j),cpu,<class 'numpy.float64'>,complex128,cpu,complex128,cpu
a,181,256.0,(0.26262046148410995+2.504335492975009j),cpu,<class 'numpy.float64'>,complex128,cpu,complex128,cpu
a,215,256.0,(0.21026468760403896+2.488419736142238j),cpu,<class 'numpy.float64'>,complex128,cpu,complex128,cpu
a,256,256.0,(0.21405809491793698+2.458933697218538j),cpu,<class 'numpy.float64'>,complex128,cpu,complex128,cpu
a,304,256.0,(0.24437465034528805+2.473468557900277j),cpu,<class 'numpy.float64'>,complex128,cpu,complex128,cpu
a,362,256.0,(0.2443746503453163+2.4734685579002695j),cpu,<class 'numpy.float64'>,complex128,cpu,complex128,cpu
a,430,256.0,(0.24437465034530698+2.4734685579002598j),cpu,<class 'numpy.float64'>,complex128,cpu,complex128,cpu
a,512,256.0,(0.24437465034528738+2.4734685579002855j),cpu,<class 'numpy.float64'>,complex128,cpu,complex128,cpu
a,608,256.0,(0.24437465034531333+2.4734685579002837j),cpu,<class 'numpy.float64'>,complex128,cpu,complex128,cpu
a,724,256.0,(0.24437465034529243+2.4734685579002846j),cpu,<class 'numpy.float64'>,complex128,cpu,complex128,cpu
a,1,362.03867196751236,(0.5721943308893873+0.5218240768289628j),cpu,<class 'numpy.float64'>,complex128,cpu,complex128,cpu
a,2,362.03867196751236,(0.8158143878583908+0.745150988357541j),cpu,<class 'numpy.float64'>,complex128,cpu,complex128,cpu
a,3,362.03867196751236,(1.1102493732661196+0.9457022840511332j),cpu,<class 'numpy.float64'>,complex128,cpu,complex128,cpu
a,4,362.03867196751236,(1.116159527157279+0.9516138583271493j),cpu,<class 'numpy.float64'>,complex128,cpu,complex128,cpu
a,5,362.03867196751236,(1.1855235163714757+0.9392170724490759j),cpu,<class 'numpy.float64'>,complex128,cpu,complex128,cpu
a,6,362.03867196751236,(1.1854879943405443+0.9389777455895383j),cpu,<class 'numpy.float64'>,complex128,cpu,complex128,cpu
a,8,362.03867196751236,(1.2499167849852466+0.9132765694323205j),cpu,<class 'numpy.float64'>,complex128,cpu,complex128,cpu
a,9,362.03867196751236,(1.3155638410034771+0.882926465210713j),cpu,<class 'numpy.float64'>,complex128,cpu,complex128,cpu
a,11,362.03867196751236,(1.3769286966976724+0.8397314303708987j),cpu,<class 'numpy.float64'>,complex128,cpu,complex128,cpu
a,13,362.03867196751236,(1.431674537742004+0.785930143830118j),cpu,<class 'numpy.float64'>,complex128,cpu,complex128,cpu
a,16,362.03867196751236,(1.4606515596325549+0.7080465997102049j),cpu,<class 'numpy.float64'>,complex128,cpu,complex128,cpu
a,19,362.03867196751236,(1.5222759253279614+0.5796433570947475j),cpu,<class 'numpy.float64'>,complex128,cpu,complex128,cpu
a,22,362.03867196751236,(1.4870934373347957+0.4935189706754267j),cpu,<class 'numpy.float64'>,complex128,cpu,complex128,cpu
a,26,362.03867196751236,(1.436878079734003+0.378068245960405j),cpu,<class 'numpy.float64'>,complex128,cpu,complex128,cpu
a,32,362.03867196751236,(1.3191834329096286+0.2837371721849017j),cpu,<class 'numpy.float64'>,complex128,cpu,complex128,cpu
a,38,362.03867196751236,(1.20320549114421+0.2691214006455667j),cpu,<class 'numpy.float64'>,complex128,cpu,complex128,cpu
a,45,362.03867196751236,(1.1084073567022177+0.3535535862244479j),cpu,<class 'numpy.float64'>,complex128,cpu,complex128,cpu
a,53,362.03867196751236,(1.1184439694499615+0.49744400628030483j),cpu,<class 'numpy.float64'>,complex128,cpu,complex128,cpu
a,64,362.03867196751236,(1.2835983556585195+0.4708975657895327j),cpu,<class 'numpy.float64'>,complex128,cpu,complex128,cpu
a,76,362.03867196751236,(1.140794672419441+0.36819854649065065j),cpu,<class 'numpy.float64'>,complex128,cpu,complex128,cpu
a,90,362.03867196751236,(1.2971836869824913+0.42624300022009237j),cpu,<class 'numpy.float64'>,complex128,cpu,complex128,cpu
a,107,362.03867196751236,(1.3111545122380348+0.45568171237545096j),cpu,<class 'numpy.float64'>,complex128,cpu,complex128,cpu
a,128,362.03867196751236,(1.1609093619153008+0.35528230180156617j),cpu,<class 'numpy.float64'>,complex128,cpu,complex128,cpu
a,152,362.03867196751236,(1.1942011512980288+0.3763602899299407j),cpu,<class 'numpy.float64'>,complex128,cpu,complex128,cpu
a,181,362.03867196751236,(1.2530351158115267+0.44582113662034184j),cpu,<class 'numpy.float64'>,complex128,cpu,complex128,cpu
a,215,362.03867196751236,(1.2317701546014963+0.405066951498393j),cpu,<class 'numpy.float64'>,complex128,cpu,complex128,cpu
a,256,362.03867196751236,(1.2284130515070828+0.4356096465398744j),cpu,<class 'numpy.float64'>,complex128,cpu,complex128,cpu
a,304,362.03867196751236,(1.2175156450455416+0.4117776624152503j),cpu,<class 'numpy.float64'>,complex128,cpu,complex128,cpu
a,362,362.03867196751236,(1.178196633889968+0.4281163459966767j),cpu,<class 'numpy.float64'>,complex128,cpu,complex128,cpu
a,430,362.03867196751236,(1.2051904320088305+0.42415193208403235j),cpu,<class 'numpy.float64'>,complex128,cpu,complex128,cpu
a,512,362.03867196751236,(1.2051904320087425+0.42415193208400004j),cpu,<class 'numpy.float64'>,complex128,cpu,complex128,cpu
a,608,362.03867196751236,(1.205190432008815+0.42415193208404284j),cpu,<class 'numpy.float64'>,complex128,cpu,complex128,cpu
a,724,362.03867196751236,(1.2051904320087838+0.42415193208397856j),cpu,<class 'numpy.float64'>,complex128,cpu,complex128,cpu
a,861,362.03867196751236,(1.2051904320088211+0.42415193208400526j),cpu,<class 'numpy.float64'>,complex128,cpu,complex128,cpu
a,1,512.0,(0.7534771953413578-0.05798701871509633j),cpu,<class 'numpy.float64'>,complex128,cpu,complex128,cpu
a,2,512.0,(1.0645821521121077-0.10943094803873925j),cpu,<class 'numpy.float64'>,complex128,cpu,complex128,cpu
a,3,512.0,(1.3399823681181067-0.13057055800757053j),cpu,<class 'numpy.float64'>,complex128,cpu,complex128,cpu
a,4,512.0,(1.3340327699206442-0.1632180580729103j),cpu,<class 'numpy.float64'>,complex128,cpu,complex128,cpu
a,5,512.0,(1.313476238334974-0.15261630312320978j),cpu,<class 'numpy.float64'>,complex128,cpu,complex128,cpu
a,6,512.0,(1.3004029614218626-0.18208207617431954j),cpu,<class 'numpy.float64'>,complex128,cpu,complex128,cpu
a,8,512.0,(1.2615932449507006-0.1968109519078094j),cpu,<class 'numpy.float64'>,complex128,cpu,complex128,cpu
a,9,512.0,(1.2370267251776914-0.18418746054774693j),cpu,<class 'numpy.float64'>,complex128,cpu,complex128,cpu
a,11,512.0,(1.200516177127648-0.19514498093565052j),cpu,<class 'numpy.float64'>,complex128,cpu,complex128,cpu
a,13,512.0,(1.1653313158881122-0.2030100223139041j),cpu,<class 'numpy.float64'>,complex128,cpu,complex128,cpu
a,16,512.0,(1.1209424683003313-0.22433766763872065j),cpu,<class 'numpy.float64'>,complex128,cpu,complex128,cpu
a,19,512.0,(1.0689564947507701-0.20959476992495746j),cpu,<class 'numpy.float64'>,complex128,cpu,complex128,cpu
a,22,512.0,(1.033504042020545-0.21621223987802046j),cpu,<class 'numpy.float64'>,complex128,cpu,complex128,cpu
a,26,512.0,(0.9845966456867552-0.19990297922189712j),cpu,<class 'numpy.float64'>,complex128,cpu,complex128,cpu
a,32,512.0,(0.9251298060795237-0.1620593689648866j),cpu,<class 'numpy.float64'>,complex128,cpu,complex128,cpu
a,38,512.0,(0.8828058426323661-0.10915124298498917j),cpu,<class 'numpy.float64'>,complex128,cpu,complex128,cpu
a,45,512.0,(0.8535036445637543-0.03448394747041003j),cpu,<class 'numpy.float64'>,complex128,cpu,complex128,cpu
a,53,512.0,(0.9053785986053828+0.04718053302941124j),cpu,<class 'numpy.float64'>,complex128,cpu,complex128,cpu
a,64,512.0,(1.0350175538987805+0.03651086644729422j),cpu,<class 'numpy.float64'>,complex128,cpu,complex128,cpu
a,76,512.0,(0.9760069098255224-0.125816377516943j),cpu,<class 'numpy.float64'>,complex128,cpu,complex128,cpu
a,90,512.0,(0.9433294439414792+0.038908400845049554j),cpu,<class 'numpy.float64'>,complex128,cpu,complex128,cpu
a,107,512.0,(0.9076950510480004-0.10252231287162183j),cpu,<class 'numpy.float64'>,complex128,cpu,complex128,cpu
a,128,512.0,(0.9101101985824169-0.0921036526739669j),cpu,<class 'numpy.float64'>,complex128,cpu,complex128,cpu
a,152,512.0,(0.9613293710101574+0.037686131138494734j),cpu,<class 'numpy.float64'>,complex128,cpu,complex128,cpu
a,181,512.0,(0.9531205531067755+0.0034160585759956874j),cpu,<class 'numpy.float64'>,complex128,cpu,complex128,cpu
a,215,512.0,(0.9298233963318345-0.09521284668282853j),cpu,<class 'numpy.float64'>,complex128,cpu,complex128,cpu
a,256,512.0,(0.9545560203666072-0.05889263541227947j),cpu,<class 'numpy.float64'>,complex128,cpu,complex128,cpu
a,304,512.0,(0.9899535555005261-0.026433166750664813j),cpu,<class 'numpy.float64'>,complex128,cpu,complex128,cpu
a,362,512.0,(0.9578203836768386-0.03313798441789399j),cpu,<class 'numpy.float64'>,complex128,cpu,complex128,cpu
a,430,512.0,(0.9555708151956932-0.03853354133044446j),cpu,<class 'numpy.float64'>,complex128,cpu,complex128,cpu
a,512,512.0,(0.9954917661621827-0.021783051757509074j),cpu,<class 'numpy.float64'>,complex128,cpu,complex128,cpu
a,608,512.0,(0.9700057173046357-0.027398511144956485j),cpu,<class 'numpy.float64'>,complex128,cpu,complex128,cpu
a,724,512.0,(0.9700057173047157-0.027398511145087016j),cpu,<class 'numpy.float64'>,complex128,cpu,complex128,cpu
a,861,512.0,(0.9700057173047278-0.027398511145082374j),cpu,<class 'numpy.float64'>,complex128,cpu,complex128,cpu
a,1024,512.0,(0.9700057173046837-0.027398511145143023j),cpu,<class 'numpy.float64'>,complex128,cpu,complex128,cpu
a,1,724.0773439350247,(-0.03729931070540925-0.764661366593828j),cpu,<class 'numpy.float64'>,complex128,cpu,complex128,cpu
a,2,724.0773439350247,(-0.05796853121613653-1.1113760248836302j),cpu,<class 'numpy.float64'>,complex128,cpu,complex128,cpu
a,3,724.0773439350247,(-0.04316561913980884-1.4351530546007691j),cpu,<class 'numpy.float64'>,complex128,cpu,complex128,cpu
a,4,724.0773439350247,(-0.048873554718161474-1.4718697273831451j),cpu,<class 'numpy.float64'>,complex128,cpu,complex128,cpu
a,5,724.0773439350247,(-0.015482630268242282-1.484707774268567j),cpu,<class 'numpy.float64'>,complex128,cpu,complex128,cpu
a,6,724.0773439350247,(-0.020183446545264057-1.5163615999788593j),cpu,<class 'numpy.float64'>,complex128,cpu,complex128,cpu
a,8,724.0773439350247,(0.011102335201161153-1.5549483267947832j),cpu,<class 'numpy.float64'>,complex128,cpu,complex128,cpu
a,9,724.0773439350247,(0.047482512743451125-1.5583834968734631j),cpu,<class 'numpy.float64'>,complex128,cpu,complex128,cpu
a,11,724.0773439350247,(0.08215498229878168-1.5973139758700645j),cpu,<class 'numpy.float64'>,complex128,cpu,complex128,cpu
a,13,724.0773439350247,(0.11883947770944428-1.6382097860044813j),cpu,<class 'numpy.float64'>,complex128,cpu,complex128,cpu
a,16,724.0773439350247,(0.15820635126216953-1.7292932170400879j),cpu,<class 'numpy.float64'>,complex128,cpu,complex128,cpu
a,19,724.0773439350247,(0.23947879448172055-1.7785851954275236j),cpu,<class 'numpy.float64'>,complex128,cpu,complex128,cpu
a,22,724.0773439350247,(0.2874436967328093-1.8985721080410018j),cpu,<class 'numpy.float64'>,complex128,cpu,complex128,cpu
a,26,724.0773439350247,(0.37597995831931874-2.0447424278084183j),cpu,<class 'numpy.float64'>,complex128,cpu,complex128,cpu
a,32,724.0773439350247,(0.48248020677756864-2.3435550517659296j),cpu,<class 'numpy.float64'>,complex128,cpu,complex128,cpu
a,38,724.0773439350247,(0.46334884308928137-2.7578628387026987j),cpu,<class 'numpy.float64'>,complex128,cpu,complex128,cpu
a,45,724.0773439350247,(0.07990246805216353-3.124203679648371j),cpu,<class 'numpy.float64'>,complex128,cpu,complex128,cpu
a,53,724.0773439350247,(-0.6212288548835249-3.0582395270734075j),cpu,<class 'numpy.float64'>,complex128,cpu,complex128,cpu
a,64,724.0773439350247,(-0.8404548112140449-2.4463111050612314j),cpu,<class 'numpy.float64'>,complex128,cpu,complex128,cpu
a,76,724.0773439350247,(-0.3586943149492742-2.072705370227899j),cpu,<class 'numpy.float64'>,complex128,cpu,complex128,cpu
a,90,724.0773439350247,(-0.08658800664393401-2.552476332122312j),cpu,<class 'numpy.float64'>,complex128,cpu,complex128,cpu
a,107,724.0773439350247,(-0.5438541194420411-2.392202545143349j),cpu,<class 'numpy.float64'>,complex128,cpu,complex128,cpu
a,128,724.0773439350247,(-0.3559996836902595-2.554517924707061j),cpu,<class 'numpy.float64'>,complex128,cpu,complex128,cpu
a,152,724.0773439350247,(-0.3125784617353074-2.4405987445071986j),cpu,<class 'numpy.float64'>,complex128,cpu,complex128,cpu
a,181,724.0773439350247,(-0.3664349451921415-2.5883004130467526j),cpu,<class 'numpy.float64'>,complex128,cpu,complex128,cpu
a,215,724.0773439350247,(-0.32951370960899895-2.5885671510891317j),cpu,<class 'numpy.float64'>,complex128,cpu,complex128,cpu
a,256,724.0773439350247,(-0.34238878847805754-2.435175402618728j),cpu,<class 'numpy.float64'>,complex128,cpu,complex128,cpu
a,304,724.0773439350247,(-0.3606493777864498-2.398315333458782j),cpu,<class 'numpy.float64'>,complex128,cpu,complex128,cpu
a,362,724.0773439350247,(-0.3886087755047787-2.4274799652547228j),cpu,<class 'numpy.float64'>,complex128,cpu,complex128,cpu
a,430,724.0773439350247,(-0.40014669949078724-2.4286666274756916j),cpu,<class 'numpy.float64'>,complex128,cpu,complex128,cpu
a,512,724.0773439350247,(-0.42778679744637155-2.448062350526068j),cpu,<class 'numpy.float64'>,complex128,cpu,complex128,cpu
a,608,724.0773439350247,(-0.3680683585824512-2.428473750527802j),cpu,<class 'numpy.float64'>,complex128,cpu,complex128,cpu
a,724,724.0773439350247,(-0.3653926718739672-2.451758370170638j),cpu,<class 'numpy.float64'>,complex128,cpu,complex128,cpu
a,861,724.0773439350247,(-0.3632189661395981-2.446521493732406j),cpu,<class 'numpy.float64'>,complex128,cpu,complex128,cpu
a,1024,724.0773439350247,(-0.3632189661395325-2.446521493732494j),cpu,<class 'numpy.float64'>,complex128,cpu,complex128,cpu
a,1217,724.0773439350247,(-0.36321896613968896-2.446521493732439j),cpu,<class 'numpy.float64'>,complex128,cpu,complex128,cpu
a,1448,724.0773439350247,(-0.3632189661396358-2.4465214937324475j),cpu,<class 'numpy.float64'>,complex128,cpu,complex128,cpu
a,1,1024.0,(-0.7499768007714567+0.11780750699063147j),cpu,<class 'numpy.float64'>,complex128,cpu,complex128,cpu
a,2,1024.0,(-1.05603992081278+0.1850799713920513j),cpu,<class 'numpy.float64'>,complex128,cpu,complex128,cpu
a,3,1024.0,(-1.3419468135617967+0.22618996988388831j),cpu,<class 'numpy.float64'>,complex128,cpu,complex128,cpu
a,4,1024.0,(-1.3322904482054654+0.24813280937273846j),cpu,<class 'numpy.float64'>,complex128,cpu,complex128,cpu
a,5,1024.0,(-1.3239509019964446+0.2373187013081673j),cpu,<class 'numpy.float64'>,complex128,cpu,complex128,cpu
a,6,1024.0,(-1.3078024055420228+0.25686676895667254j),cpu,<class 'numpy.float64'>,complex128,cpu,complex128,cpu
a,8,1024.0,(-1.2779166147838181+0.26309277138471665j),cpu,<class 'numpy.float64'>,complex128,cpu,complex128,cpu
a,9,1024.0,(-1.2643524043836494+0.2510939208448259j),cpu,<class 'numpy.float64'>,complex128,cpu,complex128,cpu
a,11,1024.0,(-1.2360048416891074+0.2560115406520172j),cpu,<class 'numpy.float64'>,complex128,cpu,complex128,cpu
a,13,1024.0,(-1.2086426364683382+0.25964010267283766j),cpu,<class 'numpy.float64'>,complex128,cpu,complex128,cpu
a,16,1024.0,(-1.1688120791637548+0.27536196929285195j),cpu,<class 'numpy.float64'>,complex128,cpu,complex128,cpu
a,19,1024.0,(-1.1324560563315518+0.2630844903200505j),cpu,<class 'numpy.float64'>,complex128,cpu,complex128,cpu
a,22,1024.0,(-1.0979335984926504+0.2720685302852104j),cpu,<class 'numpy.float64'>,complex128,cpu,complex128,cpu
a,26,1024.0,(-1.0558857854028862+0.26456091779162794j),cpu,<class 'numpy.float64'>,complex128,cpu,complex128,cpu
a,32,1024.0,(-1.0005397333997939+0.24636016208834968j),cpu,<class 'numpy.float64'>,complex128,cpu,complex128,cpu
a,38,1024.0,(-0.9541856076404311+0.22091549060895194j),cpu,<class 'numpy.float64'>,complex128,cpu,complex128,cpu
a,45,1024.0,(-0.9053718161360287+0.17733762096513006j),cpu,<class 'numpy.float64'>,complex128,cpu,complex128,cpu
a,53,1024.0,(-0.8696791372762731+0.1257210645177508j),cpu,<class 'numpy.float64'>,complex128,cpu,complex128,cpu
a,64,1024.0,(-0.8699708582768253+0.03608568230802407j),cpu,<class 'numpy.float64'>,complex128,cpu,complex128,cpu
a,76,1024.0,(-0.9428389114090805-0.04383737753349409j),cpu,<class 'numpy.float64'>,complex128,cpu,complex128,cpu
a,90,1024.0,(-1.0552218916737393-0.0007559590823844747j),cpu,<class 'numpy.float64'>,complex128,cpu,complex128,cpu
a,107,1024.0,(-0.9862018788423313+0.15795354605538992j),cpu,<class 'numpy.float64'>,complex128,cpu,complex128,cpu
a,128,1024.0,(-0.9734967145786151-0.019685161265311953j),cpu,<class 'numpy.float64'>,complex128,cpu,complex128,cpu
a,152,1024.0,(-0.9090436023148989+0.09140823185772586j),cpu,<class 'numpy.float64'>,complex128,cpu,complex128,cpu
a,181,1024.0,(-0.9221881247012009+0.09038473383759121j),cpu,<class 'numpy.float64'>,complex128,cpu,complex128,cpu
a,215,1024.0,(-0.9900602698918526+0.006527016751294898j),cpu,<class 'numpy.float64'>,complex128,cpu,complex128,cpu
a,256,1024.0,(-0.9479788305240193+0.030078492927573322j),cpu,<class 'numpy.float64'>,complex128,cpu,complex128,cpu
a,304,1024.0,(-0.9744707759467123+0.10911408904573112j),cpu,<class 'numpy.float64'>,complex128,cpu,complex128,cpu
a,362,1024.0,(-1.0000287772043397+0.07062531557488158j),cpu,<class 'numpy.float64'>,complex128,cpu,complex128,cpu
a,430,1024.0,(-0.9388341587868674+0.0422875041192371j),cpu,<class 'numpy.float64'>,complex128,cpu,complex128,cpu
a,512,1024.0,(-0.9671734583035693+0.06337256169976296j),cpu,<class 'numpy.float64'>,complex128,cpu,complex128,cpu
a,608,1024.0,(-0.9930929296266242+0.04112074591477048j),cpu,<class 'numpy.float64'>,complex128,cpu,complex128,cpu
a,724,1024.0,(-0.968631727696168+0.035967874012721085j),cpu,<class 'numpy.float64'>,complex128,cpu,complex128,cpu
a,861,1024.0,(-0.9771480418971281+0.05059618374569587j),cpu,<class 'numpy.float64'>,complex128,cpu,complex128,cpu
a,1024,1024.0,(-0.9857037480598633+0.05332731130199824j),cpu,<class 'numpy.float64'>,complex128,cpu,complex128,cpu
