branching_types,n_end,uscat,k,device,dtype,density_dtype,density_device,uscat_dtype,uscat_device
ba,1,(-0.7212634674645428-1.035771016852753j),1.0,cpu,<class 'numpy.float64'>,complex128,cpu,complex128,cpu
ba,1,(0.011666133124824831-1.0705684302374094j),1.4142135623730951,cpu,<class 'numpy.float64'>,complex128,cpu,complex128,cpu
ba,1,(0.39834771205124425-0.8084194211098266j),2.0,cpu,<class 'numpy.float64'>,complex128,cpu,complex128,cpu
ba,1,(0.9594283641081254-0.33453793897993434j),2.8284271247461903,cpu,<class 'numpy.float64'>,complex128,cpu,complex128,cpu
ba,1,(0.701165998241811+0.7697302540111033j),4.0,cpu,<class 'numpy.float64'>,complex128,cpu,complex128,cpu
ba,1,(-0.7891482721577703+0.6009340113899717j),5.656854249492381,cpu,<class 'numpy.float64'>,complex128,cpu,complex128,cpu
ba,1,(0.17047408859825286-0.9718400574429971j),8.0,cpu,<class 'numpy.float64'>,complex128,cpu,complex128,cpu
ba,1,(-0.3186225316313305+0.9300273236885217j),11.313708498984761,cpu,<class 'numpy.float64'>,complex128,cpu,complex128,cpu
ba,1,(0.955887576070195+0.283782579445429j),16.0,cpu,<class 'numpy.float64'>,complex128,cpu,complex128,cpu
ba,1,(0.8097385680379806+0.5904685121291522j),22.627416997969522,cpu,<class 'numpy.float64'>,complex128,cpu,complex128,cpu
ba,2,(-0.7080011204440769-0.6778131683044611j),1.0,cpu,<class 'numpy.float64'>,complex128,cpu,complex128,cpu
ba,2,(-0.1610945756435344-1.157519828887421j),1.4142135623730951,cpu,<class 'numpy.float64'>,complex128,cpu,complex128,cpu
ba,2,(0.5452015623850079-0.5926464427748256j),2.0,cpu,<class 'numpy.float64'>,complex128,cpu,complex128,cpu
ba,2,(0.6180377337899989-0.29940758105150866j),2.8284271247461903,cpu,<class 'numpy.float64'>,complex128,cpu,complex128,cpu
ba,2,(0.5673230978524463+0.724300796682046j),4.0,cpu,<class 'numpy.float64'>,complex128,cpu,complex128,cpu
ba,2,(-0.61182038577076+0.4294899864837345j),5.656854249492381,cpu,<class 'numpy.float64'>,complex128,cpu,complex128,cpu
ba,2,(0.15500786109570316-0.831395984799016j),8.0,cpu,<class 'numpy.float64'>,complex128,cpu,complex128,cpu
ba,2,(-0.28774544413009073+0.7851424791114503j),11.313708498984761,cpu,<class 'numpy.float64'>,complex128,cpu,complex128,cpu
ba,2,(0.8349583599993333+0.2211364155648865j),16.0,cpu,<class 'numpy.float64'>,complex128,cpu,complex128,cpu
ba,2,(0.6912606860388388+0.5129591233746326j),22.627416997969522,cpu,<class 'numpy.float64'>,complex128,cpu,complex128,cpu
ba,3,(-0.7457763906050539-0.6679929362532154j),1.0,cpu,<class 'numpy.float64'>,complex128,cpu,complex128,cpu
ba,3,(-0.32263534354196444-1.1203900479843065j),1.4142135623730951,cpu,<class 'numpy.float64'>,complex128,cpu,complex128,cpu
ba,3,(0.5961937126254475-0.9058350839985542j),2.0,cpu,<class 'numpy.float64'>,complex128,cpu,complex128,cpu
ba,3,(0.6850154480796558-0.20018729354398185j),2.8284271247461903,cpu,<class 'numpy.float64'>,complex128,cpu,complex128,cpu
ba,3,(1.1536273626588436+0.7107791318245322j),4.0,cpu,<class 'numpy.float64'>,complex128,cpu,complex128,cpu
ba,3,(-0.6886634007602+0.5429967679620703j),5.656854249492381,cpu,<class 'numpy.float64'>,complex128,cpu,complex128,cpu
ba,3,(0.2603186528828524-0.9130318612138633j),8.0,cpu,<class 'numpy.float64'>,complex128,cpu,complex128,cpu
ba,3,(-0.3462382045744966+0.8592032154697145j),11.313708498984761,cpu,<class 'numpy.float64'>,complex128,cpu,complex128,cpu
ba,3,(0.9788849343876933+0.2171601212635567j),16.0,cpu,<class 'numpy.float64'>,complex128,cpu,complex128,cpu
ba,3,(0.8627145961451049+0.5772419854041875j),22.627416997969522,cpu,<class 'numpy.float64'>,complex128,cpu,complex128,cpu
ba,4,(-0.7412665615983121-0.6694083797299997j),1.0,cpu,<class 'numpy.float64'>,complex128,cpu,complex128,cpu
ba,4,(-0.3085454097950135-1.110435328120746j),1.4142135623730951,cpu,<class 'numpy.float64'>,complex128,cpu,complex128,cpu
ba,4,(0.5415752687198958-0.8971760463752108j),2.0,cpu,<class 'numpy.float64'>,complex128,cpu,complex128,cpu
ba,4,(0.789283218203297-0.2006284913018944j),2.8284271247461903,cpu,<class 'numpy.float64'>,complex128,cpu,complex128,cpu
ba,4,(0.8828339665905908+0.428511796114824j),4.0,cpu,<class 'numpy.float64'>,complex128,cpu,complex128,cpu
ba,4,(-0.5981493386097274+0.3727004887430688j),5.656854249492381,cpu,<class 'numpy.float64'>,complex128,cpu,complex128,cpu
ba,4,(0.3862473561891067-1.0551187508500846j),8.0,cpu,<class 'numpy.float64'>,complex128,cpu,complex128,cpu
ba,4,(-0.4529382655316862+0.8779241789332098j),11.313708498984761,cpu,<class 'numpy.float64'>,complex128,cpu,complex128,cpu
ba,4,(1.0438931503474616+0.15804248129575776j),16.0,cpu,<class 'numpy.float64'>,complex128,cpu,complex128,cpu
ba,4,(0.8962569043581076+0.6151869101411802j),22.627416997969522,cpu,<class 'numpy.float64'>,complex128,cpu,complex128,cpu
ba,5,(-0.7413481835917307-0.6696324021686515j),1.0,cpu,<class 'numpy.float64'>,complex128,cpu,complex128,cpu
ba,5,(-0.30771867808455666-1.1107790323323203j),1.4142135623730951,cpu,<class 'numpy.float64'>,complex128,cpu,complex128,cpu
ba,5,(0.5415882268535956-0.8904297058411577j),2.0,cpu,<class 'numpy.float64'>,complex128,cpu,complex128,cpu
ba,5,(0.7791896296935351-0.23143526436832834j),2.8284271247461903,cpu,<class 'numpy.float64'>,complex128,cpu,complex128,cpu
ba,5,(0.7821057447741298+0.5529346431573079j),4.0,cpu,<class 'numpy.float64'>,complex128,cpu,complex128,cpu
ba,5,(-0.8406416153403891+0.21693700738472993j),5.656854249492381,cpu,<class 'numpy.float64'>,complex128,cpu,complex128,cpu
ba,5,(0.43194670632892274-1.0240242027621183j),8.0,cpu,<class 'numpy.float64'>,complex128,cpu,complex128,cpu
ba,5,(-0.46490855455068586+0.8124723081430236j),11.313708498984761,cpu,<class 'numpy.float64'>,complex128,cpu,complex128,cpu
ba,5,(0.9609199626921228+0.0877626647324399j),16.0,cpu,<class 'numpy.float64'>,complex128,cpu,complex128,cpu
ba,5,(0.9663719509210851+0.5360056633849396j),22.627416997969522,cpu,<class 'numpy.float64'>,complex128,cpu,complex128,cpu
ba,6,(-0.74133301331334-0.6696574197988229j),1.0,cpu,<class 'numpy.float64'>,complex128,cpu,complex128,cpu
ba,6,(-0.307643850465652-1.110852701319574j),1.4142135623730951,cpu,<class 'numpy.float64'>,complex128,cpu,complex128,cpu
ba,6,(0.542175499062178-0.8902365794772915j),2.0,cpu,<class 'numpy.float64'>,complex128,cpu,complex128,cpu
ba,6,(0.7747539411582641-0.22929684679830187j),2.8284271247461903,cpu,<class 'numpy.float64'>,complex128,cpu,complex128,cpu
ba,6,(0.8333193378853376+0.5761471832131568j),4.0,cpu,<class 'numpy.float64'>,complex128,cpu,complex128,cpu
ba,6,(-0.9014860574929998+0.4917412449405632j),5.656854249492381,cpu,<class 'numpy.float64'>,complex128,cpu,complex128,cpu
ba,6,(0.6340975008879923-1.5567528461889253j),8.0,cpu,<class 'numpy.float64'>,complex128,cpu,complex128,cpu
ba,6,(-0.7509895732375396+0.848597066913489j),11.313708498984761,cpu,<class 'numpy.float64'>,complex128,cpu,complex128,cpu
ba,6,(0.9855867689231176+0.04362944575559309j),16.0,cpu,<class 'numpy.float64'>,complex128,cpu,complex128,cpu
ba,6,(1.0006611833585253+0.5561830694086938j),22.627416997969522,cpu,<class 'numpy.float64'>,complex128,cpu,complex128,cpu
ba,7,(-0.7413323819040156-0.6696600520169055j),1.0,cpu,<class 'numpy.float64'>,complex128,cpu,complex128,cpu
ba,7,(-0.3076401282459058-1.1108603254944645j),1.4142135623730951,cpu,<class 'numpy.float64'>,complex128,cpu,complex128,cpu
ba,7,(0.5422161536696937-0.8902562768400069j),2.0,cpu,<class 'numpy.float64'>,complex128,cpu,complex128,cpu
ba,7,(0.7749122641394093-0.22879247045160495j),2.8284271247461903,cpu,<class 'numpy.float64'>,complex128,cpu,complex128,cpu
ba,7,(0.8352512031776453+0.5652622160820955j),4.0,cpu,<class 'numpy.float64'>,complex128,cpu,complex128,cpu
ba,7,(-0.7690901206996169+0.45207827486902313j),5.656854249492381,cpu,<class 'numpy.float64'>,complex128,cpu,complex128,cpu
ba,7,(-0.09377952580699937-1.3586456791575117j),8.0,cpu,<class 'numpy.float64'>,complex128,cpu,complex128,cpu
ba,7,(-0.6568090400475274+1.0999922819043295j),11.313708498984761,cpu,<class 'numpy.float64'>,complex128,cpu,complex128,cpu
ba,7,(0.8424240978939473-0.012568577864852382j),16.0,cpu,<class 'numpy.float64'>,complex128,cpu,complex128,cpu
ba,7,(1.0533918783845158+0.3913107730272444j),22.627416997969522,cpu,<class 'numpy.float64'>,complex128,cpu,complex128,cpu
ba,8,(-0.7413322562750023-0.6696603481750854j),1.0,cpu,<class 'numpy.float64'>,complex128,cpu,complex128,cpu
ba,8,(-0.3076397845953033-1.1108610776457244j),1.4142135623730951,cpu,<class 'numpy.float64'>,complex128,cpu,complex128,cpu
ba,8,(0.5422182065691523-0.8902589614594408j),2.0,cpu,<class 'numpy.float64'>,complex128,cpu,complex128,cpu
ba,8,(0.7749576173600827-0.22878698457293944j),2.8284271247461903,cpu,<class 'numpy.float64'>,complex128,cpu,complex128,cpu
ba,8,(0.833755539228527+0.5650223922783966j),4.0,cpu,<class 'numpy.float64'>,complex128,cpu,complex128,cpu
ba,8,(-0.79964613809357+0.41872041943150373j),5.656854249492381,cpu,<class 'numpy.float64'>,complex128,cpu,complex128,cpu
ba,8,(0.16742238648256608-0.9943827346223196j),8.0,cpu,<class 'numpy.float64'>,complex128,cpu,complex128,cpu
ba,8,(-0.7675076282758442+1.2016798440987j),11.313708498984761,cpu,<class 'numpy.float64'>,complex128,cpu,complex128,cpu
ba,8,(0.8159596642027764+0.05580678158932165j),16.0,cpu,<class 'numpy.float64'>,complex128,cpu,complex128,cpu
ba,8,(0.9986859806416423+0.3852129615081654j),22.627416997969522,cpu,<class 'numpy.float64'>,complex128,cpu,complex128,cpu
ba,9,(-0.7413322427403564-0.6696603829149285j),1.0,cpu,<class 'numpy.float64'>,complex128,cpu,complex128,cpu
ba,9,(-0.30763975044282077-1.1108611571206723j),1.4142135623730951,cpu,<class 'numpy.float64'>,complex128,cpu,complex128,cpu
ba,9,(0.5422183065986775-0.8902591901935784j),2.0,cpu,<class 'numpy.float64'>,complex128,cpu,complex128,cpu
ba,9,(0.7749601518682717-0.22878947917431086j),2.8284271247461903,cpu,<class 'numpy.float64'>,complex128,cpu,complex128,cpu
ba,9,(0.8336934371563818+0.5651786447106713j),4.0,cpu,<class 'numpy.float64'>,complex128,cpu,complex128,cpu
ba,9,(-0.8036259182477286+0.42794785527791995j),5.656854249492381,cpu,<class 'numpy.float64'>,complex128,cpu,complex128,cpu
ba,9,(0.3294144950706562-1.2030213307155166j),8.0,cpu,<class 'numpy.float64'>,complex128,cpu,complex128,cpu
ba,9,(-0.25810821032067016+1.4001614481639573j),11.313708498984761,cpu,<class 'numpy.float64'>,complex128,cpu,complex128,cpu
ba,9,(0.7353426858882688+0.02474044578712179j),16.0,cpu,<class 'numpy.float64'>,complex128,cpu,complex128,cpu
ba,9,(0.9930131818131059+0.24904308205031372j),22.627416997969522,cpu,<class 'numpy.float64'>,complex128,cpu,complex128,cpu
ba,10,(-0.7413322410689949-0.6696603870954667j),1.0,cpu,<class 'numpy.float64'>,complex128,cpu,complex128,cpu
ba,10,(-0.3076397464543639-1.1108611661558458j),1.4142135623730951,cpu,<class 'numpy.float64'>,complex128,cpu,complex128,cpu
ba,10,(0.542218314567728-0.8902592087014707j),2.0,cpu,<class 'numpy.float64'>,complex128,cpu,complex128,cpu
ba,10,(0.7749601711820076-0.22878974400070778j),2.8284271247461903,cpu,<class 'numpy.float64'>,complex128,cpu,complex128,cpu
ba,10,(0.8337050853614004+0.5651904260278434j),4.0,cpu,<class 'numpy.float64'>,complex128,cpu,complex128,cpu
ba,10,(-0.8020411935434891+0.4280975703361235j),5.656854249492381,cpu,<class 'numpy.float64'>,complex128,cpu,complex128,cpu
ba,10,(0.21865320636414753-1.220296618758831j),8.0,cpu,<class 'numpy.float64'>,complex128,cpu,complex128,cpu
ba,10,(-0.23645507385172534+0.8334120388405628j),11.313708498984761,cpu,<class 'numpy.float64'>,complex128,cpu,complex128,cpu
ba,10,(0.6644841766109215+0.20826091243060973j),16.0,cpu,<class 'numpy.float64'>,complex128,cpu,complex128,cpu
ba,10,(0.851207716390501+0.26371407600178465j),22.627416997969522,cpu,<class 'numpy.float64'>,complex128,cpu,complex128,cpu
ba,11,(-0.7413322408677776-0.6696603876063134j),1.0,cpu,<class 'numpy.float64'>,complex128,cpu,complex128,cpu
ba,11,(-0.3076397459790064-1.1108611672322393j),1.4142135623730951,cpu,<class 'numpy.float64'>,complex128,cpu,complex128,cpu
ba,11,(0.5422183155518818-0.8902592103696998j),2.0,cpu,<class 'numpy.float64'>,complex128,cpu,complex128,cpu
ba,11,(0.7749601616177703-0.22878976063619516j),2.8284271247461903,cpu,<class 'numpy.float64'>,complex128,cpu,complex128,cpu
ba,11,(0.8337065487200255+0.5651901167971018j),4.0,cpu,<class 'numpy.float64'>,complex128,cpu,complex128,cpu
ba,11,(-0.8020521809721538+0.4279081201466192j),5.656854249492381,cpu,<class 'numpy.float64'>,complex128,cpu,complex128,cpu
ba,11,(0.23059272667353775-1.1899611233369576j),8.0,cpu,<class 'numpy.float64'>,complex128,cpu,complex128,cpu
ba,11,(-0.6950066200884546+0.929603759508315j),11.313708498984761,cpu,<class 'numpy.float64'>,complex128,cpu,complex128,cpu
ba,11,(0.8268566950639447+0.2387409486760474j),16.0,cpu,<class 'numpy.float64'>,complex128,cpu,complex128,cpu
ba,11,(0.8507706156259827+0.25857513844222435j),22.627416997969522,cpu,<class 'numpy.float64'>,complex128,cpu,complex128,cpu
ba,12,(-0.7413322408431069-0.669660387669355j),1.0,cpu,<class 'numpy.float64'>,complex128,cpu,complex128,cpu
ba,12,(-0.30763974592125265-1.1108611673642144j),1.4142135623730951,cpu,<class 'numpy.float64'>,complex128,cpu,complex128,cpu
ba,12,(0.5422183156867528-0.8902592105413937j),2.0,cpu,<class 'numpy.float64'>,complex128,cpu,complex128,cpu
ba,12,(0.774960160470891-0.22878976134767032j),2.8284271247461903,cpu,<class 'numpy.float64'>,complex128,cpu,complex128,cpu
ba,12,(0.8337066104747559+0.5651900062952904j),4.0,cpu,<class 'numpy.float64'>,complex128,cpu,complex128,cpu
ba,12,(-0.8020703687371166+0.4279083677469824j),5.656854249492381,cpu,<class 'numpy.float64'>,complex128,cpu,complex128,cpu
ba,12,(0.23512358500248348-1.194962065290814j),8.0,cpu,<class 'numpy.float64'>,complex128,cpu,complex128,cpu
ba,12,(-0.513203259193068+1.1905459635821907j),11.313708498984761,cpu,<class 'numpy.float64'>,complex128,cpu,complex128,cpu
ba,12,(0.8295462915425138+0.2673457769428725j),16.0,cpu,<class 'numpy.float64'>,complex128,cpu,complex128,cpu
ba,12,(0.6930032352844984+0.2709959403226391j),22.627416997969522,cpu,<class 'numpy.float64'>,complex128,cpu,complex128,cpu
ba,13,(-0.7413322408400607-0.6696603876771853j),1.0,cpu,<class 'numpy.float64'>,complex128,cpu,complex128,cpu
ba,13,(-0.3076397459141846-1.1108611673807016j),1.4142135623730951,cpu,<class 'numpy.float64'>,complex128,cpu,complex128,cpu
ba,13,(0.542218315705136-0.8902592105608299j),2.0,cpu,<class 'numpy.float64'>,complex128,cpu,complex128,cpu
ba,13,(0.774960160377427-0.2287897613600806j),2.8284271247461903,cpu,<class 'numpy.float64'>,complex128,cpu,complex128,cpu
ba,13,(0.8337066083403439+0.5651899962419775j),4.0,cpu,<class 'numpy.float64'>,complex128,cpu,complex128,cpu
ba,13,(-0.8020707473447144+0.4279098254760702j),5.656854249492381,cpu,<class 'numpy.float64'>,complex128,cpu,complex128,cpu
ba,13,(0.23414234304999684-1.1953758576293443j),8.0,cpu,<class 'numpy.float64'>,complex128,cpu,complex128,cpu
ba,13,(-0.4486460636244455+1.0401736670353743j),11.313708498984761,cpu,<class 'numpy.float64'>,complex128,cpu,complex128,cpu
ba,13,(1.0416856343041472+0.20044209065408908j),16.0,cpu,<class 'numpy.float64'>,complex128,cpu,complex128,cpu
ba,13,(0.7180335778394682+0.4545436126529343j),22.627416997969522,cpu,<class 'numpy.float64'>,complex128,cpu,complex128,cpu
ba,14,(-0.7413322408396813-0.6696603876781619j),1.0,cpu,<class 'numpy.float64'>,complex128,cpu,complex128,cpu
ba,14,(-0.30763974591331533-1.1108611673827875j),1.4142135623730951,cpu,<class 'numpy.float64'>,complex128,cpu,complex128,cpu
ba,14,(0.5422183157076106-0.890259210563165j),2.0,cpu,<class 'numpy.float64'>,complex128,cpu,complex128,cpu
ba,14,(0.7749601603709027-0.22878976135821077j),2.8284271247461903,cpu,<class 'numpy.float64'>,complex128,cpu,complex128,cpu
ba,14,(0.8337066077555221+0.5651899956796194j),4.0,cpu,<class 'numpy.float64'>,complex128,cpu,complex128,cpu
ba,14,(-0.8020706597994671+0.4279099055517267j),5.656854249492381,cpu,<class 'numpy.float64'>,complex128,cpu,complex128,cpu
ba,14,(0.2341130169805694-1.1952446209228325j),8.0,cpu,<class 'numpy.float64'>,complex128,cpu,complex128,cpu
ba,14,(-0.5068958634481184+1.0509675227255784j),11.313708498984761,cpu,<class 'numpy.float64'>,complex128,cpu,complex128,cpu
ba,14,(0.8451739353399709-0.11662186276308992j),16.0,cpu,<class 'numpy.float64'>,complex128,cpu,complex128,cpu
ba,14,(0.7352621147296365+0.4484266095822178j),22.627416997969522,cpu,<class 'numpy.float64'>,complex128,cpu,complex128,cpu
ba,15,(-0.7413322408396348-0.6696603876782843j),1.0,cpu,<class 'numpy.float64'>,complex128,cpu,complex128,cpu
ba,15,(-0.30763974591320914-1.1108611673830548j),1.4142135623730951,cpu,<class 'numpy.float64'>,complex128,cpu,complex128,cpu
ba,15,(0.5422183157079417-0.8902592105634582j),2.0,cpu,<class 'numpy.float64'>,complex128,cpu,complex128,cpu
ba,15,(0.77496016037051-0.22878976135784007j),2.8284271247461903,cpu,<class 'numpy.float64'>,complex128,cpu,complex128,cpu
ba,15,(0.8337066076952597+0.5651899956614834j),4.0,cpu,<class 'numpy.float64'>,complex128,cpu,complex128,cpu
ba,15,(-0.8020706503914725+0.4279099036831668j),5.656854249492381,cpu,<class 'numpy.float64'>,complex128,cpu,complex128,cpu
ba,15,(0.23412715575622606-1.1952413816745435j),8.0,cpu,<class 'numpy.float64'>,complex128,cpu,complex128,cpu
ba,15,(-0.4956335186323842+1.0634892598647916j),11.313708498984761,cpu,<class 'numpy.float64'>,complex128,cpu,complex128,cpu
ba,15,(0.6624511414563049+0.21130453856614054j),16.0,cpu,<class 'numpy.float64'>,complex128,cpu,complex128,cpu
ba,15,(0.8402929164991139+0.6128701060106363j),22.627416997969522,cpu,<class 'numpy.float64'>,complex128,cpu,complex128,cpu
ba,16,(-0.7413322408396268-0.6696603876782992j),1.0,cpu,<class 'numpy.float64'>,complex128,cpu,complex128,cpu
ba,16,(-0.307639745913194-1.1108611673830873j),1.4142135623730951,cpu,<class 'numpy.float64'>,complex128,cpu,complex128,cpu
ba,16,(0.5422183157079853-0.8902592105634923j),2.0,cpu,<class 'numpy.float64'>,complex128,cpu,complex128,cpu
ba,16,(0.7749601603704928-0.2287897613577871j),2.8284271247461903,cpu,<class 'numpy.float64'>,complex128,cpu,complex128,cpu
ba,16,(0.8337066076903727+0.5651899956617394j),4.0,cpu,<class 'numpy.float64'>,complex128,cpu,complex128,cpu
ba,16,(-0.8020706500097574+0.4279099029894018j),5.656854249492381,cpu,<class 'numpy.float64'>,complex128,cpu,complex128,cpu
ba,16,(0.23412772970817639-1.195242705335656j),8.0,cpu,<class 'numpy.float64'>,complex128,cpu,complex128,cpu
ba,16,(-0.4944432403700725+1.0599660274636507j),11.313708498984761,cpu,<class 'numpy.float64'>,complex128,cpu,complex128,cpu
ba,16,(0.9108242709462904+0.25565034471530623j),16.0,cpu,<class 'numpy.float64'>,complex128,cpu,complex128,cpu
ba,16,(1.0423044037043026+0.43759746268572136j),22.627416997969522,cpu,<class 'numpy.float64'>,complex128,cpu,complex128,cpu
ba,17,(-0.741332240839629-0.6696603876783022j),1.0,cpu,<class 'numpy.float64'>,complex128,cpu,complex128,cpu
ba,17,(-0.30763974591319554-1.1108611673830948j),1.4142135623730951,cpu,<class 'numpy.float64'>,complex128,cpu,complex128,cpu
ba,17,(0.5422183157079921-0.8902592105635024j),2.0,cpu,<class 'numpy.float64'>,complex128,cpu,complex128,cpu
ba,17,(0.7749601603704981-0.2287897613577816j),2.8284271247461903,cpu,<class 'numpy.float64'>,complex128,cpu,complex128,cpu
ba,17,(0.8337066076899953+0.565189995661847j),4.0,cpu,<class 'numpy.float64'>,complex128,cpu,complex128,cpu
ba,17,(-0.802070650030541+0.42790990292837305j),5.656854249492381,cpu,<class 'numpy.float64'>,complex128,cpu,complex128,cpu
ba,17,(0.23412762499141856-1.1952427970084396j),8.0,cpu,<class 'numpy.float64'>,complex128,cpu,complex128,cpu
ba,17,(-0.49509994170591265+1.0600275136229484j),11.313708498984761,cpu,<class 'numpy.float64'>,complex128,cpu,complex128,cpu
ba,17,(0.871468996436231+0.0786980725401605j),16.0,cpu,<class 'numpy.float64'>,complex128,cpu,complex128,cpu
ba,17,(0.8936006025520898+0.31391480208959116j),22.627416997969522,cpu,<class 'numpy.float64'>,complex128,cpu,complex128,cpu
ba,18,(-0.7413322408396278-0.669660387678302j),1.0,cpu,<class 'numpy.float64'>,complex128,cpu,complex128,cpu
ba,18,(-0.3076397459131939-1.1108611673830944j),1.4142135623730951,cpu,<class 'numpy.float64'>,complex128,cpu,complex128,cpu
ba,18,(0.5422183157079926-0.890259210563501j),2.0,cpu,<class 'numpy.float64'>,complex128,cpu,complex128,cpu
ba,18,(0.7749601603704969-0.22878976135777984j),2.8284271247461903,cpu,<class 'numpy.float64'>,complex128,cpu,complex128,cpu
ba,18,(0.8337066076899614+0.5651899956618588j),4.0,cpu,<class 'numpy.float64'>,complex128,cpu,complex128,cpu
ba,18,(-0.8020706500351306+0.4279099029261121j),5.656854249492381,cpu,<class 'numpy.float64'>,complex128,cpu,complex128,cpu
ba,18,(0.2341276134570053-1.1952427912270798j),8.0,cpu,<class 'numpy.float64'>,complex128,cpu,complex128,cpu
ba,18,(-0.4950619334008989+1.0601175525826054j),11.313708498984761,cpu,<class 'numpy.float64'>,complex128,cpu,complex128,cpu
ba,18,(0.8049043231917002+0.15077746725325322j),16.0,cpu,<class 'numpy.float64'>,complex128,cpu,complex128,cpu
ba,18,(0.9014090887749133+0.2952909141024314j),22.627416997969522,cpu,<class 'numpy.float64'>,complex128,cpu,complex128,cpu
ba,19,(-0.7413322408396263-0.6696603876783019j),1.0,cpu,<class 'numpy.float64'>,complex128,cpu,complex128,cpu
ba,19,(-0.30763974591319204-1.110861167383093j),1.4142135623730951,cpu,<class 'numpy.float64'>,complex128,cpu,complex128,cpu
ba,19,(0.5422183157079921-0.8902592105634984j),2.0,cpu,<class 'numpy.float64'>,complex128,cpu,complex128,cpu
ba,19,(0.7749601603704948-0.2287897613577795j),2.8284271247461903,cpu,<class 'numpy.float64'>,complex128,cpu,complex128,cpu
ba,19,(0.8337066076899576+0.5651899956618581j),4.0,cpu,<class 'numpy.float64'>,complex128,cpu,complex128,cpu
ba,19,(-0.8020706500355153+0.4279099029262188j),5.656854249492381,cpu,<class 'numpy.float64'>,complex128,cpu,complex128,cpu
ba,19,(0.23412761345943284-1.1952427901033862j),8.0,cpu,<class 'numpy.float64'>,complex128,cpu,complex128,cpu
ba,19,(-0.49505137228107404+1.0601106808751968j),11.313708498984761,cpu,<class 'numpy.float64'>,complex128,cpu,complex128,cpu
ba,19,(0.8458508498114272+0.15729391045654j),16.0,cpu,<class 'numpy.float64'>,complex128,cpu,complex128,cpu
ba,19,(0.6548043566521845+0.2916483528596966j),22.627416997969522,cpu,<class 'numpy.float64'>,complex128,cpu,complex128,cpu
ba,20,(-0.7413322408396271-0.669660387678302j),1.0,cpu,<class 'numpy.float64'>,complex128,cpu,complex128,cpu
ba,20,(-0.30763974591319293-1.1108611673830937j),1.4142135623730951,cpu,<class 'numpy.float64'>,complex128,cpu,complex128,cpu
ba,20,(0.5422183157079923-0.8902592105634994j),2.0,cpu,<class 'numpy.float64'>,complex128,cpu,complex128,cpu
ba,20,(0.7749601603704959-0.22878976135777968j),2.8284271247461903,cpu,<class 'numpy.float64'>,complex128,cpu,complex128,cpu
ba,20,(0.8337066076899577+0.5651899956618593j),4.0,cpu,<class 'numpy.float64'>,complex128,cpu,complex128,cpu
ba,20,(-0.8020706500355326+0.4279099029262447j),5.656854249492381,cpu,<class 'numpy.float64'>,complex128,cpu,complex128,cpu
ba,20,(0.234127613538135-1.1952427900548699j),8.0,cpu,<class 'numpy.float64'>,complex128,cpu,complex128,cpu
ba,20,(-0.4950522404776012+1.0601094812669043j),11.313708498984761,cpu,<class 'numpy.float64'>,complex128,cpu,complex128,cpu
ba,20,(0.8395656407839489+0.14419100896613146j),16.0,cpu,<class 'numpy.float64'>,complex128,cpu,complex128,cpu
ba,20,(0.7425552955953125+0.6182767091693886j),22.627416997969522,cpu,<class 'numpy.float64'>,complex128,cpu,complex128,cpu
ba,21,(-0.741332240839629-0.6696603876783029j),1.0,cpu,<class 'numpy.float64'>,complex128,cpu,complex128,cpu
ba,21,(-0.30763974591319493-1.110861167383096j),1.4142135623730951,cpu,<class 'numpy.float64'>,complex128,cpu,complex128,cpu
ba,21,(0.5422183157079936-0.890259210563503j),2.0,cpu,<class 'numpy.float64'>,complex128,cpu,complex128,cpu
ba,21,(0.7749601603704986-0.22878976135778017j),2.8284271247461903,cpu,<class 'numpy.float64'>,complex128,cpu,complex128,cpu
ba,21,(0.83370660768996+0.565189995661862j),4.0,cpu,<class 'numpy.float64'>,complex128,cpu,complex128,cpu
ba,21,(-0.8020706500355345+0.4279099029262476j),5.656854249492381,cpu,<class 'numpy.float64'>,complex128,cpu,complex128,cpu
ba,21,(0.234127613545003-1.1952427900575446j),8.0,cpu,<class 'numpy.float64'>,complex128,cpu,complex128,cpu
ba,21,(-0.49505237866368257+1.0601095708379624j),11.313708498984761,cpu,<class 'numpy.float64'>,complex128,cpu,complex128,cpu
ba,21,(0.8374526999336238+0.14780313675688245j),16.0,cpu,<class 'numpy.float64'>,complex128,cpu,complex128,cpu
ba,21,(1.0950149158868228+0.440221710905068j),22.627416997969522,cpu,<class 'numpy.float64'>,complex128,cpu,complex128,cpu
ba,22,(-0.7413322408396259-0.6696603876783013j),1.0,cpu,<class 'numpy.float64'>,complex128,cpu,complex128,cpu
ba,22,(-0.3076397459131922-1.1108611673830926j),1.4142135623730951,cpu,<class 'numpy.float64'>,complex128,cpu,complex128,cpu
ba,22,(0.5422183157079918-0.8902592105634977j),2.0,cpu,<class 'numpy.float64'>,complex128,cpu,complex128,cpu
ba,22,(0.7749601603704945-0.22878976135777906j),2.8284271247461903,cpu,<class 'numpy.float64'>,complex128,cpu,complex128,cpu
ba,22,(0.8337066076899561+0.5651899956618582j),4.0,cpu,<class 'numpy.float64'>,complex128,cpu,complex128,cpu
ba,22,(-0.8020706500355304+0.42790990292624687j),5.656854249492381,cpu,<class 'numpy.float64'>,complex128,cpu,complex128,cpu
ba,22,(0.234127613545197-1.1952427900580833j),8.0,cpu,<class 'numpy.float64'>,complex128,cpu,complex128,cpu
ba,22,(-0.49505237094955806+1.0601095864369348j),11.313708498984761,cpu,<class 'numpy.float64'>,complex128,cpu,complex128,cpu
ba,22,(0.8384591284577542+0.14777460904050332j),16.0,cpu,<class 'numpy.float64'>,complex128,cpu,complex128,cpu
ba,22,(0.7889747748637228+0.2083813013482246j),22.627416997969522,cpu,<class 'numpy.float64'>,complex128,cpu,complex128,cpu
ba,23,(-0.7413322408396275-0.6696603876783022j),1.0,cpu,<class 'numpy.float64'>,complex128,cpu,complex128,cpu
ba,23,(-0.3076397459131934-1.110861167383094j),1.4142135623730951,cpu,<class 'numpy.float64'>,complex128,cpu,complex128,cpu
ba,23,(0.5422183157079926-0.8902592105635003j),2.0,cpu,<class 'numpy.float64'>,complex128,cpu,complex128,cpu
ba,23,(0.7749601603704965-0.2287897613577796j),2.8284271247461903,cpu,<class 'numpy.float64'>,complex128,cpu,complex128,cpu
ba,23,(0.833706607689958+0.56518999566186j),4.0,cpu,<class 'numpy.float64'>,complex128,cpu,complex128,cpu
ba,23,(-0.8020706500355326+0.4279099029262472j),5.656854249492381,cpu,<class 'numpy.float64'>,complex128,cpu,complex128,cpu
ba,23,(0.234127613545179-1.195242790058126j),8.0,cpu,<class 'numpy.float64'>,complex128,cpu,complex128,cpu
ba,23,(-0.4950523693106277+1.0601095859434049j),11.313708498984761,cpu,<class 'numpy.float64'>,complex128,cpu,complex128,cpu
ba,23,(0.8383534275643363+0.14759653053765612j),16.0,cpu,<class 'numpy.float64'>,complex128,cpu,complex128,cpu
ba,23,(0.7546375723421404+0.4876017232374422j),22.627416997969522,cpu,<class 'numpy.float64'>,complex128,cpu,complex128,cpu
ba,24,(-0.7413322408396273-0.6696603876783022j),1.0,cpu,<class 'numpy.float64'>,complex128,cpu,complex128,cpu
ba,24,(-0.307639745913193-1.1108611673830944j),1.4142135623730951,cpu,<class 'numpy.float64'>,complex128,cpu,complex128,cpu
ba,24,(0.5422183157079928-0.8902592105635003j),2.0,cpu,<class 'numpy.float64'>,complex128,cpu,complex128,cpu
ba,24,(0.7749601603704965-0.22878976135777923j),2.8284271247461903,cpu,<class 'numpy.float64'>,complex128,cpu,complex128,cpu
ba,24,(0.8337066076899574+0.5651899956618605j),4.0,cpu,<class 'numpy.float64'>,complex128,cpu,complex128,cpu
ba,24,(-0.8020706500355324+0.4279099029262461j),5.656854249492381,cpu,<class 'numpy.float64'>,complex128,cpu,complex128,cpu
ba,24,(0.2341276135451755-1.1952427900581253j),8.0,cpu,<class 'numpy.float64'>,complex128,cpu,complex128,cpu
ba,24,(-0.4950523693198827+1.0601095857894423j),11.313708498984761,cpu,<class 'numpy.float64'>,complex128,cpu,complex128,cpu
ba,24,(0.8383330686322119+0.14762735090959397j),16.0,cpu,<class 'numpy.float64'>,complex128,cpu,complex128,cpu
ba,24,(0.9124702566208169+0.4211116813238155j),22.627416997969522,cpu,<class 'numpy.float64'>,complex128,cpu,complex128,cpu
ba,25,(-0.7413322408396288-0.6696603876783023j),1.0,cpu,<class 'numpy.float64'>,complex128,cpu,complex128,cpu
ba,25,(-0.30763974591319504-1.1108611673830953j),1.4142135623730951,cpu,<class 'numpy.float64'>,complex128,cpu,complex128,cpu
ba,25,(0.5422183157079934-0.8902592105635029j),2.0,cpu,<class 'numpy.float64'>,complex128,cpu,complex128,cpu
ba,25,(0.7749601603704988-0.2287897613577799j),2.8284271247461903,cpu,<class 'numpy.float64'>,complex128,cpu,complex128,cpu
ba,25,(0.8337066076899589+0.565189995661862j),4.0,cpu,<class 'numpy.float64'>,complex128,cpu,complex128,cpu
ba,25,(-0.8020706500355329+0.42790990292624803j),5.656854249492381,cpu,<class 'numpy.float64'>,complex128,cpu,complex128,cpu
ba,25,(0.23412761354517753-1.1952427900581304j),8.0,cpu,<class 'numpy.float64'>,complex128,cpu,complex128,cpu
ba,25,(-0.49505236933223484+1.0601095857860856j),11.313708498984761,cpu,<class 'numpy.float64'>,complex128,cpu,complex128,cpu
ba,25,(0.8383387334201021+0.14762847054353018j),16.0,cpu,<class 'numpy.float64'>,complex128,cpu,complex128,cpu
ba,25,(0.8353042687640135+0.36603726998542296j),22.627416997969522,cpu,<class 'numpy.float64'>,complex128,cpu,complex128,cpu
ba,26,(-0.7413322408396268-0.6696603876783014j),1.0,cpu,<class 'numpy.float64'>,complex128,cpu,complex128,cpu
ba,26,(-0.3076397459131931-1.110861167383093j),1.4142135623730951,cpu,<class 'numpy.float64'>,complex128,cpu,complex128,cpu
ba,26,(0.5422183157079923-0.8902592105634997j),2.0,cpu,<class 'numpy.float64'>,complex128,cpu,complex128,cpu
ba,26,(0.7749601603704961-0.22878976135777943j),2.8284271247461903,cpu,<class 'numpy.float64'>,complex128,cpu,complex128,cpu
ba,26,(0.8337066076899573+0.5651899956618596j),4.0,cpu,<class 'numpy.float64'>,complex128,cpu,complex128,cpu
ba,26,(-0.8020706500355319+0.4279099029262474j),5.656854249492381,cpu,<class 'numpy.float64'>,complex128,cpu,complex128,cpu
ba,26,(0.2341276135451768-1.1952427900581268j),8.0,cpu,<class 'numpy.float64'>,complex128,cpu,complex128,cpu
ba,26,(-0.4950523693328871+1.060109585786851j),11.313708498984761,cpu,<class 'numpy.float64'>,complex128,cpu,complex128,cpu
ba,26,(0.83833863566827+0.14762767842134675j),16.0,cpu,<class 'numpy.float64'>,complex128,cpu,complex128,cpu
ba,26,(0.8366555208828825+0.41014735957234627j),22.627416997969522,cpu,<class 'numpy.float64'>,complex128,cpu,complex128,cpu
ba,27,(-0.7413322408396299-0.6696603876783029j),1.0,cpu,<class 'numpy.float64'>,complex128,cpu,complex128,cpu
ba,27,(-0.3076397459131959-1.110861167383097j),1.4142135623730951,cpu,<class 'numpy.float64'>,complex128,cpu,complex128,cpu
ba,27,(0.5422183157079936-0.8902592105635045j),2.0,cpu,<class 'numpy.float64'>,complex128,cpu,complex128,cpu
ba,27,(0.7749601603704996-0.22878976135778076j),2.8284271247461903,cpu,<class 'numpy.float64'>,complex128,cpu,complex128,cpu
ba,27,(0.8337066076899609+0.5651899956618623j),4.0,cpu,<class 'numpy.float64'>,complex128,cpu,complex128,cpu
ba,27,(-0.8020706500355341+0.4279099029262486j),5.656854249492381,cpu,<class 'numpy.float64'>,complex128,cpu,complex128,cpu
ba,27,(0.23412761354517536-1.1952427900581317j),8.0,cpu,<class 'numpy.float64'>,complex128,cpu,complex128,cpu
ba,27,(-0.49505236933286695+1.0601095857869312j),11.313708498984761,cpu,<class 'numpy.float64'>,complex128,cpu,complex128,cpu
ba,27,(0.8383385435329973+0.14762771304729475j),16.0,cpu,<class 'numpy.float64'>,complex128,cpu,complex128,cpu
ba,27,(0.8498339451431236+0.39954800641037147j),22.627416997969522,cpu,<class 'numpy.float64'>,complex128,cpu,complex128,cpu
ba,28,(-0.7413322408396281-0.6696603876783016j),1.0,cpu,<class 'numpy.float64'>,complex128,cpu,complex128,cpu
ba,28,(-0.30763974591319465-1.110861167383094j),1.4142135623730951,cpu,<class 'numpy.float64'>,complex128,cpu,complex128,cpu
ba,28,(0.5422183157079925-0.8902592105635018j),2.0,cpu,<class 'numpy.float64'>,complex128,cpu,complex128,cpu
ba,28,(0.774960160370497-0.22878976135778004j),2.8284271247461903,cpu,<class 'numpy.float64'>,complex128,cpu,complex128,cpu
ba,28,(0.8337066076899586+0.5651899956618602j),4.0,cpu,<class 'numpy.float64'>,complex128,cpu,complex128,cpu
ba,28,(-0.8020706500355324+0.4279099029262483j),5.656854249492381,cpu,<class 'numpy.float64'>,complex128,cpu,complex128,cpu
ba,28,(0.23412761354517553-1.1952427900581295j),8.0,cpu,<class 'numpy.float64'>,complex128,cpu,complex128,cpu
ba,28,(-0.49505236933285746+1.0601095857869312j),11.313708498984761,cpu,<class 'numpy.float64'>,complex128,cpu,complex128,cpu
ba,28,(0.8383385488083333+0.14762772266055915j),16.0,cpu,<class 'numpy.float64'>,complex128,cpu,complex128,cpu
ba,28,(0.8444322823661516+0.3981510063736483j),22.627416997969522,cpu,<class 'numpy.float64'>,complex128,cpu,complex128,cpu
ba,29,(-0.7413322408396261-0.6696603876783014j),1.0,cpu,<class 'numpy.float64'>,complex128,cpu,complex128,cpu
ba,29,(-0.307639745913192-1.1108611673830922j),1.4142135623730951,cpu,<class 'numpy.float64'>,complex128,cpu,complex128,cpu
ba,29,(0.5422183157079916-0.8902592105634979j),2.0,cpu,<class 'numpy.float64'>,complex128,cpu,complex128,cpu
ba,29,(0.7749601603704941-0.2287897613577794j),2.8284271247461903,cpu,<class 'numpy.float64'>,complex128,cpu,complex128,cpu
ba,29,(0.833706607689957+0.5651899956618582j),4.0,cpu,<class 'numpy.float64'>,complex128,cpu,complex128,cpu
ba,29,(-0.8020706500355315+0.42790990292624687j),5.656854249492381,cpu,<class 'numpy.float64'>,complex128,cpu,complex128,cpu
ba,29,(0.23412761354517364-1.1952427900581246j),8.0,cpu,<class 'numpy.float64'>,complex128,cpu,complex128,cpu
ba,29,(-0.49505236933285846+1.0601095857869285j),11.313708498984761,cpu,<class 'numpy.float64'>,complex128,cpu,complex128,cpu
ba,29,(0.8383385497760325+0.14762772208466096j),16.0,cpu,<class 'numpy.float64'>,complex128,cpu,complex128,cpu
ba,29,(0.8449991705392282+0.39963100974414456j),22.627416997969522,cpu,<class 'numpy.float64'>,complex128,cpu,complex128,cpu
ba,30,(-0.741332240839625-0.6696603876783008j),1.0,cpu,<class 'numpy.float64'>,complex128,cpu,complex128,cpu
ba,30,(-0.307639745913191-1.1108611673830906j),1.4142135623730951,cpu,<class 'numpy.float64'>,complex128,cpu,complex128,cpu
ba,30,(0.542218315707991-0.8902592105634959j),2.0,cpu,<class 'numpy.float64'>,complex128,cpu,complex128,cpu
ba,30,(0.7749601603704922-0.2287897613577796j),2.8284271247461903,cpu,<class 'numpy.float64'>,complex128,cpu,complex128,cpu
ba,30,(0.8337066076899566+0.5651899956618562j),4.0,cpu,<class 'numpy.float64'>,complex128,cpu,complex128,cpu
ba,30,(-0.8020706500355317+0.42790990292624576j),5.656854249492381,cpu,<class 'numpy.float64'>,complex128,cpu,complex128,cpu
ba,30,(0.23412761354517136-1.195242790058121j),8.0,cpu,<class 'numpy.float64'>,complex128,cpu,complex128,cpu
ba,30,(-0.49505236933285934+1.0601095857869294j),11.313708498984761,cpu,<class 'numpy.float64'>,complex128,cpu,complex128,cpu
ba,30,(0.8383385497273061+0.14762772198618251j),16.0,cpu,<class 'numpy.float64'>,complex128,cpu,complex128,cpu
ba,30,(0.8452278258276247+0.39930983210690707j),22.627416997969522,cpu,<class 'numpy.float64'>,complex128,cpu,complex128,cpu
ba,31,(-0.7413322408396238-0.6696603876783014j),1.0,cpu,<class 'numpy.float64'>,complex128,cpu,complex128,cpu
ba,31,(-0.307639745913189-1.11086116738309j),1.4142135623730951,cpu,<class 'numpy.float64'>,complex128,cpu,complex128,cpu
ba,31,(0.542218315707991-0.8902592105634931j),2.0,cpu,<class 'numpy.float64'>,complex128,cpu,complex128,cpu
ba,31,(0.7749601603704909-0.2287897613577787j),2.8284271247461903,cpu,<class 'numpy.float64'>,complex128,cpu,complex128,cpu
ba,31,(0.8337066076899549+0.5651899956618558j),4.0,cpu,<class 'numpy.float64'>,complex128,cpu,complex128,cpu
ba,31,(-0.802070650035532+0.4279099029262442j),5.656854249492381,cpu,<class 'numpy.float64'>,complex128,cpu,complex128,cpu
ba,31,(0.2341276135451738-1.1952427900581168j),8.0,cpu,<class 'numpy.float64'>,complex128,cpu,complex128,cpu
ba,31,(-0.4950523693328592+1.0601095857869252j),11.313708498984761,cpu,<class 'numpy.float64'>,complex128,cpu,complex128,cpu
ba,31,(0.8383385497172169+0.14762772198913615j),16.0,cpu,<class 'numpy.float64'>,complex128,cpu,complex128,cpu
ba,31,(0.8451412034291228+0.39930372251780855j),22.627416997969522,cpu,<class 'numpy.float64'>,complex128,cpu,complex128,cpu
ba,32,(-0.7413322408396266-0.6696603876783018j),1.0,cpu,<class 'numpy.float64'>,complex128,cpu,complex128,cpu
ba,32,(-0.3076397459131926-1.1108611673830937j),1.4142135623730951,cpu,<class 'numpy.float64'>,complex128,cpu,complex128,cpu
ba,32,(0.5422183157079921-0.890259210563499j),2.0,cpu,<class 'numpy.float64'>,complex128,cpu,complex128,cpu
ba,32,(0.7749601603704954-0.2287897613577798j),2.8284271247461903,cpu,<class 'numpy.float64'>,complex128,cpu,complex128,cpu
ba,32,(0.833706607689958+0.5651899956618592j),4.0,cpu,<class 'numpy.float64'>,complex128,cpu,complex128,cpu
ba,32,(-0.8020706500355334+0.4279099029262461j),5.656854249492381,cpu,<class 'numpy.float64'>,complex128,cpu,complex128,cpu
ba,32,(0.2341276135451738-1.1952427900581242j),8.0,cpu,<class 'numpy.float64'>,complex128,cpu,complex128,cpu
ba,32,(-0.49505236933286245+1.0601095857869272j),11.313708498984761,cpu,<class 'numpy.float64'>,complex128,cpu,complex128,cpu
ba,32,(0.8383385497172648+0.1476277219901326j),16.0,cpu,<class 'numpy.float64'>,complex128,cpu,complex128,cpu
ba,32,(0.8451484097710769+0.39931921155188155j),22.627416997969522,cpu,<class 'numpy.float64'>,complex128,cpu,complex128,cpu
ba,33,(-0.7413322408396246-0.6696603876783j),1.0,cpu,<class 'numpy.float64'>,complex128,cpu,complex128,cpu
ba,33,(-0.30763974591319126-1.1108611673830897j),1.4142135623730951,cpu,<class 'numpy.float64'>,complex128,cpu,complex128,cpu
ba,33,(0.5422183157079901-0.8902592105634958j),2.0,cpu,<class 'numpy.float64'>,complex128,cpu,complex128,cpu
ba,33,(0.7749601603704922-0.22878976135777965j),2.8284271247461903,cpu,<class 'numpy.float64'>,complex128,cpu,complex128,cpu
ba,33,(0.8337066076899562+0.5651899956618562j),4.0,cpu,<class 'numpy.float64'>,complex128,cpu,complex128,cpu
ba,33,(-0.8020706500355311+0.4279099029262464j),5.656854249492381,cpu,<class 'numpy.float64'>,complex128,cpu,complex128,cpu
ba,33,(0.23412761354517242-1.1952427900581224j),8.0,cpu,<class 'numpy.float64'>,complex128,cpu,complex128,cpu
ba,33,(-0.4950523693328591+1.060109585786929j),11.313708498984761,cpu,<class 'numpy.float64'>,complex128,cpu,complex128,cpu
ba,33,(0.8383385497173534+0.14762772199015387j),16.0,cpu,<class 'numpy.float64'>,complex128,cpu,complex128,cpu
ba,33,(0.8451503019877045+0.3993168553568578j),22.627416997969522,cpu,<class 'numpy.float64'>,complex128,cpu,complex128,cpu
ba,34,(-0.7413322408396275-0.6696603876783015j),1.0,cpu,<class 'numpy.float64'>,complex128,cpu,complex128,cpu
ba,34,(-0.3076397459131939-1.110861167383094j),1.4142135623730951,cpu,<class 'numpy.float64'>,complex128,cpu,complex128,cpu
ba,34,(0.5422183157079925-0.8902592105635008j),2.0,cpu,<class 'numpy.float64'>,complex128,cpu,complex128,cpu
ba,34,(0.774960160370497-0.2287897613577793j),2.8284271247461903,cpu,<class 'numpy.float64'>,complex128,cpu,complex128,cpu
ba,34,(0.8337066076899571+0.5651899956618608j),4.0,cpu,<class 'numpy.float64'>,complex128,cpu,complex128,cpu
ba,34,(-0.802070650035531+0.4279099029262473j),5.656854249492381,cpu,<class 'numpy.float64'>,complex128,cpu,complex128,cpu
ba,34,(0.23412761354517575-1.1952427900581273j),8.0,cpu,<class 'numpy.float64'>,complex128,cpu,complex128,cpu
ba,34,(-0.495052369332855+1.060109585786929j),11.313708498984761,cpu,<class 'numpy.float64'>,complex128,cpu,complex128,cpu
ba,34,(0.83833854971736+0.14762772199014676j),16.0,cpu,<class 'numpy.float64'>,complex128,cpu,complex128,cpu
ba,34,(0.8451498359705331+0.399316725891237j),22.627416997969522,cpu,<class 'numpy.float64'>,complex128,cpu,complex128,cpu
ba,35,(-0.7413322408396282-0.669660387678302j),1.0,cpu,<class 'numpy.float64'>,complex128,cpu,complex128,cpu
ba,35,(-0.30763974591319454-1.1108611673830944j),1.4142135623730951,cpu,<class 'numpy.float64'>,complex128,cpu,complex128,cpu
ba,35,(0.5422183157079928-0.8902592105635019j),2.0,cpu,<class 'numpy.float64'>,complex128,cpu,complex128,cpu
ba,35,(0.7749601603704979-0.22878976135777998j),2.8284271247461903,cpu,<class 'numpy.float64'>,complex128,cpu,complex128,cpu
ba,35,(0.8337066076899586+0.5651899956618611j),4.0,cpu,<class 'numpy.float64'>,complex128,cpu,complex128,cpu
ba,35,(-0.8020706500355328+0.42790990292624786j),5.656854249492381,cpu,<class 'numpy.float64'>,complex128,cpu,complex128,cpu
ba,35,(0.2341276135451758-1.1952427900581297j),8.0,cpu,<class 'numpy.float64'>,complex128,cpu,complex128,cpu
ba,35,(-0.4950523693328591+1.0601095857869307j),11.313708498984761,cpu,<class 'numpy.float64'>,complex128,cpu,complex128,cpu
ba,35,(0.8383385497173608+0.14762772199014612j),16.0,cpu,<class 'numpy.float64'>,complex128,cpu,complex128,cpu
ba,35,(0.8451498412053025+0.39931679623335814j),22.627416997969522,cpu,<class 'numpy.float64'>,complex128,cpu,complex128,cpu
ba,36,(-0.7413322408396332-0.6696603876783043j),1.0,cpu,<class 'numpy.float64'>,complex128,cpu,complex128,cpu
ba,36,(-0.30763974591319887-1.1108611673831008j),1.4142135623730951,cpu,<class 'numpy.float64'>,complex128,cpu,complex128,cpu
ba,36,(0.5422183157079958-0.8902592105635103j),2.0,cpu,<class 'numpy.float64'>,complex128,cpu,complex128,cpu
ba,36,(0.7749601603705045-0.22878976135778084j),2.8284271247461903,cpu,<class 'numpy.float64'>,complex128,cpu,complex128,cpu
ba,36,(0.8337066076899624+0.5651899956618662j),4.0,cpu,<class 'numpy.float64'>,complex128,cpu,complex128,cpu
ba,36,(-0.8020706500355341+0.42790990292625153j),5.656854249492381,cpu,<class 'numpy.float64'>,complex128,cpu,complex128,cpu
ba,36,(0.23412761354517814-1.1952427900581397j),8.0,cpu,<class 'numpy.float64'>,complex128,cpu,complex128,cpu
ba,36,(-0.49505236933285646+1.0601095857869374j),11.313708498984761,cpu,<class 'numpy.float64'>,complex128,cpu,complex128,cpu
ba,36,(0.8383385497173663+0.14762772199014274j),16.0,cpu,<class 'numpy.float64'>,complex128,cpu,complex128,cpu
ba,36,(0.8451498500941299+0.39931679298000144j),22.627416997969522,cpu,<class 'numpy.float64'>,complex128,cpu,complex128,cpu
ba,37,(-0.7413322408396338-0.6696603876783045j),1.0,cpu,<class 'numpy.float64'>,complex128,cpu,complex128,cpu
ba,37,(-0.30763974591319987-1.1108611673831015j),1.4142135623730951,cpu,<class 'numpy.float64'>,complex128,cpu,complex128,cpu
ba,37,(0.5422183157079961-0.8902592105635116j),2.0,cpu,<class 'numpy.float64'>,complex128,cpu,complex128,cpu
ba,37,(0.7749601603705057-0.2287897613577817j),2.8284271247461903,cpu,<class 'numpy.float64'>,complex128,cpu,complex128,cpu
ba,37,(0.8337066076899644+0.5651899956618669j),4.0,cpu,<class 'numpy.float64'>,complex128,cpu,complex128,cpu
ba,37,(-0.8020706500355363+0.42790990292625164j),5.656854249492381,cpu,<class 'numpy.float64'>,complex128,cpu,complex128,cpu
ba,37,(0.23412761354517844-1.195242790058141j),8.0,cpu,<class 'numpy.float64'>,complex128,cpu,complex128,cpu
ba,37,(-0.4950523693328603+1.0601095857869387j),11.313708498984761,cpu,<class 'numpy.float64'>,complex128,cpu,complex128,cpu
ba,37,(0.8383385497173663+0.14762772199014484j),16.0,cpu,<class 'numpy.float64'>,complex128,cpu,complex128,cpu
ba,37,(0.8451498494725338+0.3993167919698089j),22.627416997969522,cpu,<class 'numpy.float64'>,complex128,cpu,complex128,cpu
ba,38,(-0.7413322408396275-0.6696603876783023j),1.0,cpu,<class 'numpy.float64'>,complex128,cpu,complex128,cpu
ba,38,(-0.30763974591319326-1.1108611673830944j),1.4142135623730951,cpu,<class 'numpy.float64'>,complex128,cpu,complex128,cpu
ba,38,(0.5422183157079925-0.8902592105635j),2.0,cpu,<class 'numpy.float64'>,complex128,cpu,complex128,cpu
ba,38,(0.7749601603704963-0.2287897613577798j),2.8284271247461903,cpu,<class 'numpy.float64'>,complex128,cpu,complex128,cpu
ba,38,(0.8337066076899584+0.56518999566186j),4.0,cpu,<class 'numpy.float64'>,complex128,cpu,complex128,cpu
ba,38,(-0.8020706500355332+0.42790990292624653j),5.656854249492381,cpu,<class 'numpy.float64'>,complex128,cpu,complex128,cpu
ba,38,(0.2341276135451739-1.1952427900581257j),8.0,cpu,<class 'numpy.float64'>,complex128,cpu,complex128,cpu
ba,38,(-0.4950523693328612+1.0601095857869298j),11.313708498984761,cpu,<class 'numpy.float64'>,complex128,cpu,complex128,cpu
ba,38,(0.8383385497173603+0.14762772199014532j),16.0,cpu,<class 'numpy.float64'>,complex128,cpu,complex128,cpu
ba,38,(0.845149849362024+0.3993167920583729j),22.627416997969522,cpu,<class 'numpy.float64'>,complex128,cpu,complex128,cpu
ba,39,(-0.7413322408396258-0.6696603876783012j),1.0,cpu,<class 'numpy.float64'>,complex128,cpu,complex128,cpu
ba,39,(-0.30763974591319193-1.1108611673830917j),1.4142135623730951,cpu,<class 'numpy.float64'>,complex128,cpu,complex128,cpu
ba,39,(0.5422183157079914-0.8902592105634978j),2.0,cpu,<class 'numpy.float64'>,complex128,cpu,complex128,cpu
ba,39,(0.7749601603704938-0.22878976135777992j),2.8284271247461903,cpu,<class 'numpy.float64'>,complex128,cpu,complex128,cpu
ba,39,(0.8337066076899576+0.5651899956618576j),4.0,cpu,<class 'numpy.float64'>,complex128,cpu,complex128,cpu
ba,39,(-0.8020706500355326+0.42790990292624753j),5.656854249492381,cpu,<class 'numpy.float64'>,complex128,cpu,complex128,cpu
ba,39,(0.23412761354517508-1.1952427900581253j),8.0,cpu,<class 'numpy.float64'>,complex128,cpu,complex128,cpu
ba,39,(-0.49505236933285823+1.0601095857869278j),11.313708498984761,cpu,<class 'numpy.float64'>,complex128,cpu,complex128,cpu
ba,39,(0.8383385497173581+0.14762772199014615j),16.0,cpu,<class 'numpy.float64'>,complex128,cpu,complex128,cpu
ba,39,(0.8451498493730354+0.39931679207056614j),22.627416997969522,cpu,<class 'numpy.float64'>,complex128,cpu,complex128,cpu
a,1,(-0.7009373613473742-1.0811585241050148j),1.0,cpu,<class 'numpy.float64'>,complex128,cpu,complex128,cpu
a,1,(0.13757642693420757-0.8289024976315608j),1.4142135623730951,cpu,<class 'numpy.float64'>,complex128,cpu,complex128,cpu
a,1,(0.32082278629105265-0.6156151751363799j),2.0,cpu,<class 'numpy.float64'>,complex128,cpu,complex128,cpu
a,1,(0.7045484424266211-0.15722632349229793j),2.8284271247461903,cpu,<class 'numpy.float64'>,complex128,cpu,complex128,cpu
a,1,(0.6708504282400949+0.6245162596494485j),4.0,cpu,<class 'numpy.float64'>,complex128,cpu,complex128,cpu
a,1,(-0.6383969760923406+0.4306324528855618j),5.656854249492381,cpu,<class 'numpy.float64'>,complex128,cpu,complex128,cpu
a,1,(0.1662692676434488-0.7160311259121828j),8.0,cpu,<class 'numpy.float64'>,complex128,cpu,complex128,cpu
a,1,(-0.25313001893806003+0.6860700374582827j),11.313708498984761,cpu,<class 'numpy.float64'>,complex128,cpu,complex128,cpu
a,1,(0.7031464847870843+0.1661568311557391j),16.0,cpu,<class 'numpy.float64'>,complex128,cpu,complex128,cpu
a,1,(0.6642842401830107+0.41545787771435505j),22.627416997969522,cpu,<class 'numpy.float64'>,complex128,cpu,complex128,cpu
a,2,(-1.2724444176210574-0.6512232561781957j),1.0,cpu,<class 'numpy.float64'>,complex128,cpu,complex128,cpu
a,2,(-0.25074416852873416-2.537601631717213j),1.4142135623730951,cpu,<class 'numpy.float64'>,complex128,cpu,complex128,cpu
a,2,(0.8445618471966172-0.527241372191403j),2.0,cpu,<class 'numpy.float64'>,complex128,cpu,complex128,cpu
a,2,(0.7252824926180266-0.3130821704455332j),2.8284271247461903,cpu,<class 'numpy.float64'>,complex128,cpu,complex128,cpu
a,2,(0.9555821002959033+0.79321095057478j),4.0,cpu,<class 'numpy.float64'>,complex128,cpu,complex128,cpu
a,2,(-0.7198259388281689+0.41505294353793043j),5.656854249492381,cpu,<class 'numpy.float64'>,complex128,cpu,complex128,cpu
a,2,(0.46011391985387184-1.2090347740668916j),8.0,cpu,<class 'numpy.float64'>,complex128,cpu,complex128,cpu
a,2,(-0.5992662374788258+0.9887533439185379j),11.313708498984761,cpu,<class 'numpy.float64'>,complex128,cpu,complex128,cpu
a,2,(1.0799015307317748+0.1847353916999389j),16.0,cpu,<class 'numpy.float64'>,complex128,cpu,complex128,cpu
a,2,(0.9645609140206449+0.6111899246065129j),22.627416997969522,cpu,<class 'numpy.float64'>,complex128,cpu,complex128,cpu
a,3,(-1.3533486331756501-0.6501711414856097j),1.0,cpu,<class 'numpy.float64'>,complex128,cpu,complex128,cpu
a,3,(-0.943435074689787-2.1971531716399344j),1.4142135623730951,cpu,<class 'numpy.float64'>,complex128,cpu,complex128,cpu
a,3,(1.3533496733356771-1.0516203921321106j),2.0,cpu,<class 'numpy.float64'>,complex128,cpu,complex128,cpu
a,3,(0.8213351328054921-0.17356003757663746j),2.8284271247461903,cpu,<class 'numpy.float64'>,complex128,cpu,complex128,cpu
a,3,(1.8362345387440824+0.5156385887638417j),4.0,cpu,<class 'numpy.float64'>,complex128,cpu,complex128,cpu
a,3,(-0.9918002714595064+0.46110649823704764j),5.656854249492381,cpu,<class 'numpy.float64'>,complex128,cpu,complex128,cpu
a,3,(0.651808918798242-1.3935315947216749j),8.0,cpu,<class 'numpy.float64'>,complex128,cpu,complex128,cpu
a,3,(-0.7317897322410274+1.1822881466291206j),11.313708498984761,cpu,<class 'numpy.float64'>,complex128,cpu,complex128,cpu
a,3,(1.2252256811065103+0.05939938401666105j),16.0,cpu,<class 'numpy.float64'>,complex128,cpu,complex128,cpu
a,3,(1.3994549368126274+0.557718579092262j),22.627416997969522,cpu,<class 'numpy.float64'>,complex128,cpu,complex128,cpu
a,4,(-1.355217636498696-0.6573233924845587j),1.0,cpu,<class 'numpy.float64'>,complex128,cpu,complex128,cpu
a,4,(-0.8787995655620167-2.184389032727389j),1.4142135623730951,cpu,<class 'numpy.float64'>,complex128,cpu,complex128,cpu
a,4,(1.2228958602960391-1.1439685615266229j),2.0,cpu,<class 'numpy.float64'>,complex128,cpu,complex128,cpu
a,4,(0.9638337598048381-0.1292911448537153j),2.8284271247461903,cpu,<class 'numpy.float64'>,complex128,cpu,complex128,cpu
a,4,(1.3065300765605687+0.27917213166584987j),4.0,cpu,<class 'numpy.float64'>,complex128,cpu,complex128,cpu
a,4,(-0.8665037801935902+0.3654731235107679j),5.656854249492381,cpu,<class 'numpy.float64'>,complex128,cpu,complex128,cpu
a,4,(1.2803634669415045-1.6356972141709778j),8.0,cpu,<class 'numpy.float64'>,complex128,cpu,complex128,cpu
a,4,(-1.0925470027971347+1.0763752734690444j),11.313708498984761,cpu,<class 'numpy.float64'>,complex128,cpu,complex128,cpu
a,4,(1.2578559039258097+0.020534459229195848j),16.0,cpu,<class 'numpy.float64'>,complex128,cpu,complex128,cpu
a,4,(1.3957653590722767+0.5555359988878645j),22.627416997969522,cpu,<class 'numpy.float64'>,complex128,cpu,complex128,cpu
a,5,(-1.3559111663498666-0.6577711312734433j),1.0,cpu,<class 'numpy.float64'>,complex128,cpu,complex128,cpu
a,5,(-0.8771606738628105-2.1877138217151106j),1.4142135623730951,cpu,<class 'numpy.float64'>,complex128,cpu,complex128,cpu
a,5,(1.2135573635445553-1.1261055120067018j),2.0,cpu,<class 'numpy.float64'>,complex128,cpu,complex128,cpu
a,5,(0.966718511614894-0.17750427091192372j),2.8284271247461903,cpu,<class 'numpy.float64'>,complex128,cpu,complex128,cpu
a,5,(1.2238866971067959+0.48794733258724843j),4.0,cpu,<class 'numpy.float64'>,complex128,cpu,complex128,cpu
a,5,(-1.0377037376271452+0.1280193193487632j),5.656854249492381,cpu,<class 'numpy.float64'>,complex128,cpu,complex128,cpu
a,5,(1.1293027868104915-1.9486500125138373j),8.0,cpu,<class 'numpy.float64'>,complex128,cpu,complex128,cpu
a,5,(-1.1356732827610423+1.1803426953390483j),11.313708498984761,cpu,<class 'numpy.float64'>,complex128,cpu,complex128,cpu
a,5,(1.0960561609380854-0.06404225456001306j),16.0,cpu,<class 'numpy.float64'>,complex128,cpu,complex128,cpu
a,5,(1.4532612283031296+0.3101195035371891j),22.627416997969522,cpu,<class 'numpy.float64'>,complex128,cpu,complex128,cpu
a,6,(-1.3559303483467577-0.657809885095502j),1.0,cpu,<class 'numpy.float64'>,complex128,cpu,complex128,cpu
a,6,(-0.8771410793911208-2.187979636817283j),1.4142135623730951,cpu,<class 'numpy.float64'>,complex128,cpu,complex128,cpu
a,6,(1.2149417500426074-1.1252988052204436j),2.0,cpu,<class 'numpy.float64'>,complex128,cpu,complex128,cpu
a,6,(0.9591653391810788-0.17617777882808514j),2.8284271247461903,cpu,<class 'numpy.float64'>,complex128,cpu,complex128,cpu
a,6,(1.3009216016606078+0.5006406506533665j),4.0,cpu,<class 'numpy.float64'>,complex128,cpu,complex128,cpu
a,6,(-1.2282380397655175+0.3327008283578711j),5.656854249492381,cpu,<class 'numpy.float64'>,complex128,cpu,complex128,cpu
a,6,(1.6753000297535015-2.4817114968671743j),8.0,cpu,<class 'numpy.float64'>,complex128,cpu,complex128,cpu
a,6,(-1.5425305501386584+1.0094972396871422j),11.313708498984761,cpu,<class 'numpy.float64'>,complex128,cpu,complex128,cpu
a,6,(1.0788295073289254-0.023509367064771233j),16.0,cpu,<class 'numpy.float64'>,complex128,cpu,complex128,cpu
a,6,(1.3636521896272797+0.30977863061332567j),22.627416997969522,cpu,<class 'numpy.float64'>,complex128,cpu,complex128,cpu
a,7,(-1.3559331961601915-0.6578131178056235j),1.0,cpu,<class 'numpy.float64'>,complex128,cpu,complex128,cpu
a,7,(-0.8771440908089121-2.187998568750318j),1.4142135623730951,cpu,<class 'numpy.float64'>,complex128,cpu,complex128,cpu
a,7,(1.2150289047507454-1.1253355154846734j),2.0,cpu,<class 'numpy.float64'>,complex128,cpu,complex128,cpu
a,7,(0.9593402655399372-0.17538542662792722j),2.8284271247461903,cpu,<class 'numpy.float64'>,complex128,cpu,complex128,cpu
a,7,(1.300222237159909+0.4857447144531072j),4.0,cpu,<class 'numpy.float64'>,complex128,cpu,complex128,cpu
a,7,(-1.0810150823188764+0.3849487728548936j),5.656854249492381,cpu,<class 'numpy.float64'>,complex128,cpu,complex128,cpu
a,7,(0.2720947389972203-2.8011705629113655j),8.0,cpu,<class 'numpy.float64'>,complex128,cpu,complex128,cpu
a,7,(-1.6822123539951217+1.6692154191974837j),11.313708498984761,cpu,<class 'numpy.float64'>,complex128,cpu,complex128,cpu
a,7,(0.9748957814811399-0.0658859089619342j),16.0,cpu,<class 'numpy.float64'>,complex128,cpu,complex128,cpu
a,7,(1.3422034634277193+0.15132527817789512j),22.627416997969522,cpu,<class 'numpy.float64'>,complex128,cpu,complex128,cpu
a,8,(-1.3559333450671112-0.6578134161438554j),1.0,cpu,<class 'numpy.float64'>,complex128,cpu,complex128,cpu
a,8,(-0.8771443103137013-2.188000167434031j),1.4142135623730951,cpu,<class 'numpy.float64'>,complex128,cpu,complex128,cpu
a,8,(1.2150325155700605-1.1253398055426036j),2.0,cpu,<class 'numpy.float64'>,complex128,cpu,complex128,cpu
a,8,(0.9594040178730497-0.17538524431560298j),2.8284271247461903,cpu,<class 'numpy.float64'>,complex128,cpu,complex128,cpu
a,8,(1.2981222745439507+0.48579401004459644j),4.0,cpu,<class 'numpy.float64'>,complex128,cpu,complex128,cpu
a,8,(-1.0904586951052573+0.32943118413266925j),5.656854249492381,cpu,<class 'numpy.float64'>,complex128,cpu,complex128,cpu
a,8,(0.5430612701128525-1.8654103422786528j),8.0,cpu,<class 'numpy.float64'>,complex128,cpu,complex128,cpu
a,8,(-1.5352773174771701+1.6427644020116419j),11.313708498984761,cpu,<class 'numpy.float64'>,complex128,cpu,complex128,cpu
a,8,(0.9289393005294218+0.03698585644792109j),16.0,cpu,<class 'numpy.float64'>,complex128,cpu,complex128,cpu
a,8,(1.210436734841633+0.18187846940799884j),22.627416997969522,cpu,<class 'numpy.float64'>,complex128,cpu,complex128,cpu
a,9,(-1.3559333609575988-0.6578134453800949j),1.0,cpu,<class 'numpy.float64'>,complex128,cpu,complex128,cpu
a,9,(-0.8771443332978275-2.1880003212200254j),1.4142135623730951,cpu,<class 'numpy.float64'>,complex128,cpu,complex128,cpu
a,9,(1.2150327071330373-1.125340105320885j),2.0,cpu,<class 'numpy.float64'>,complex128,cpu,complex128,cpu
a,9,(0.9594059896785976-0.17538894564293087j),2.8284271247461903,cpu,<class 'numpy.float64'>,complex128,cpu,complex128,cpu
a,9,(1.2980756100621238+0.4860422055663618j),4.0,cpu,<class 'numpy.float64'>,complex128,cpu,complex128,cpu
a,9,(-1.1008254178891212+0.33733982553262426j),5.656854249492381,cpu,<class 'numpy.float64'>,complex128,cpu,complex128,cpu
a,9,(0.9794165534189592-2.1478012641466444j),8.0,cpu,<class 'numpy.float64'>,complex128,cpu,complex128,cpu
a,9,(-1.2631435929724846+2.1004482620520815j),11.313708498984761,cpu,<class 'numpy.float64'>,complex128,cpu,complex128,cpu
a,9,(0.9248436964470839+0.035205465863341744j),16.0,cpu,<class 'numpy.float64'>,complex128,cpu,complex128,cpu
a,9,(1.2002809784279882+0.13987310313349907j),22.627416997969522,cpu,<class 'numpy.float64'>,complex128,cpu,complex128,cpu
a,10,(-1.355933362424848-0.657813448347546j),1.0,cpu,<class 'numpy.float64'>,complex128,cpu,complex128,cpu
a,10,(-0.8771443355552712-2.1880003374610064j),1.4142135623730951,cpu,<class 'numpy.float64'>,complex128,cpu,complex128,cpu
a,10,(1.2150327254138669-1.1253401273792647j),2.0,cpu,<class 'numpy.float64'>,complex128,cpu,complex128,cpu
a,10,(0.9594058899594435-0.175389183373824j),2.8284271247461903,cpu,<class 'numpy.float64'>,complex128,cpu,complex128,cpu
a,10,(1.298098983895784+0.48605502231558345j),4.0,cpu,<class 'numpy.float64'>,complex128,cpu,complex128,cpu
a,10,(-1.0989333976769298+0.33838982822390956j),5.656854249492381,cpu,<class 'numpy.float64'>,complex128,cpu,complex128,cpu
a,10,(0.7840605915181277-2.26656208181243j),8.0,cpu,<class 'numpy.float64'>,complex128,cpu,complex128,cpu
a,10,(-0.8110454308731889+1.435699139999056j),11.313708498984761,cpu,<class 'numpy.float64'>,complex128,cpu,complex128,cpu
a,10,(0.8881189720651603+0.15607691664900455j),16.0,cpu,<class 'numpy.float64'>,complex128,cpu,complex128,cpu
a,10,(1.069503453999399+0.1703716066229643j),22.627416997969522,cpu,<class 'numpy.float64'>,complex128,cpu,complex128,cpu
a,11,(-1.3559333625769265-0.6578134486541465j),1.0,cpu,<class 'numpy.float64'>,complex128,cpu,complex128,cpu
a,11,(-0.8771443358250578-2.188000339269097j),1.4142135623730951,cpu,<class 'numpy.float64'>,complex128,cpu,complex128,cpu
a,11,(1.2150327276238277-1.1253401293699454j),2.0,cpu,<class 'numpy.float64'>,complex128,cpu,complex128,cpu
a,11,(0.9594058753641814-0.17538918917390017j),2.8284271247461903,cpu,<class 'numpy.float64'>,complex128,cpu,complex128,cpu
a,11,(1.298100931971911+0.4860536064976955j),4.0,cpu,<class 'numpy.float64'>,complex128,cpu,complex128,cpu
a,11,(-1.0988779389704681+0.33813577832514596j),5.656854249492381,cpu,<class 'numpy.float64'>,complex128,cpu,complex128,cpu
a,11,(0.7868674820971471-2.1954050014792816j),8.0,cpu,<class 'numpy.float64'>,complex128,cpu,complex128,cpu
a,11,(-1.4106367374825934+1.2982556187254972j),11.313708498984761,cpu,<class 'numpy.float64'>,complex128,cpu,complex128,cpu
a,11,(1.0218785205151377+0.1713734135527195j),16.0,cpu,<class 'numpy.float64'>,complex128,cpu,complex128,cpu
a,11,(1.0837727263814476+0.23608589950534803j),22.627416997969522,cpu,<class 'numpy.float64'>,complex128,cpu,complex128,cpu
a,12,(-1.3559333625925154-0.657813448686046j),1.0,cpu,<class 'numpy.float64'>,complex128,cpu,complex128,cpu
a,12,(-0.8771443358597396-2.188000339476856j),1.4142135623730951,cpu,<class 'numpy.float64'>,complex128,cpu,complex128,cpu
a,12,(1.2150327278987763-1.1253401295838328j),2.0,cpu,<class 'numpy.float64'>,complex128,cpu,complex128,cpu
a,12,(0.9594058744305273-0.17538918876672127j),2.8284271247461903,cpu,<class 'numpy.float64'>,complex128,cpu,complex128,cpu
a,12,(1.2981009285737222+0.48605341333755847j),4.0,cpu,<class 'numpy.float64'>,complex128,cpu,complex128,cpu
a,12,(-1.0989019301386886+0.3381335442204963j),5.656854249492381,cpu,<class 'numpy.float64'>,complex128,cpu,complex128,cpu
a,12,(0.7991794327973583-2.2038480581181314j),8.0,cpu,<class 'numpy.float64'>,complex128,cpu,complex128,cpu
a,12,(-1.3931069401463052+1.7032742269416534j),11.313708498984761,cpu,<class 'numpy.float64'>,complex128,cpu,complex128,cpu
a,12,(1.0210816924263348+0.12948645758144522j),16.0,cpu,<class 'numpy.float64'>,complex128,cpu,complex128,cpu
a,12,(1.009910945095342+0.25775957947669803j),22.627416997969522,cpu,<class 'numpy.float64'>,complex128,cpu,complex128,cpu
a,13,(-1.3559333625941117-0.6578134486893585j),1.0,cpu,<class 'numpy.float64'>,complex128,cpu,complex128,cpu
a,13,(-0.8771443358644136-2.1880003395012295j),1.4142135623730951,cpu,<class 'numpy.float64'>,complex128,cpu,complex128,cpu
a,13,(1.2150327279327562-1.1253401296091083j),2.0,cpu,<class 'numpy.float64'>,complex128,cpu,complex128,cpu
a,13,(0.9594058743995615-0.17538918869187475j),2.8284271247461903,cpu,<class 'numpy.float64'>,complex128,cpu,complex128,cpu
a,13,(1.2981009180761267+0.48605340315140344j),4.0,cpu,<class 'numpy.float64'>,complex128,cpu,complex128,cpu
a,13,(-1.0989022448352157+0.33813533406455715j),5.656854249492381,cpu,<class 'numpy.float64'>,complex128,cpu,complex128,cpu
a,13,(0.7971753084691284-2.2049494098487465j),8.0,cpu,<class 'numpy.float64'>,complex128,cpu,complex128,cpu
a,13,(-1.1983962187727704+1.5752007001435486j),11.313708498984761,cpu,<class 'numpy.float64'>,complex128,cpu,complex128,cpu
a,13,(1.0897164324895383+0.12164604248268773j),16.0,cpu,<class 'numpy.float64'>,complex128,cpu,complex128,cpu
a,13,(1.0726284063763123+0.38939611305772825j),22.627416997969522,cpu,<class 'numpy.float64'>,complex128,cpu,complex128,cpu
a,14,(-1.3559333625942724-0.6578134486896985j),1.0,cpu,<class 'numpy.float64'>,complex128,cpu,complex128,cpu
a,14,(-0.8771443358650568-2.18800033950413j),1.4142135623730951,cpu,<class 'numpy.float64'>,complex128,cpu,complex128,cpu
a,14,(1.2150327279369442-1.125340129612241j),2.0,cpu,<class 'numpy.float64'>,complex128,cpu,complex128,cpu
a,14,(0.9594058744012686-0.1753891886838032j),2.8284271247461903,cpu,<class 'numpy.float64'>,complex128,cpu,complex128,cpu
a,14,(1.2981009169978555+0.48605340299671373j),4.0,cpu,<class 'numpy.float64'>,complex128,cpu,complex128,cpu
a,14,(-1.0989021382290929+0.33813539149251265j),5.656854249492381,cpu,<class 'numpy.float64'>,complex128,cpu,complex128,cpu
a,14,(0.7971301852861754-2.204694438868834j),8.0,cpu,<class 'numpy.float64'>,complex128,cpu,complex128,cpu
a,14,(-1.2808734692073673+1.5458675813786027j),11.313708498984761,cpu,<class 'numpy.float64'>,complex128,cpu,complex128,cpu
a,14,(1.0343009853897212-0.049649789435233224j),16.0,cpu,<class 'numpy.float64'>,complex128,cpu,complex128,cpu
a,14,(1.1307582577390956+0.3491925222069299j),22.627416997969522,cpu,<class 'numpy.float64'>,complex128,cpu,complex128,cpu
a,15,(-1.3559333625942878-0.6578134486897327j),1.0,cpu,<class 'numpy.float64'>,complex128,cpu,complex128,cpu
a,15,(-0.8771443358651453-2.1880003395044767j),1.4142135623730951,cpu,<class 'numpy.float64'>,complex128,cpu,complex128,cpu
a,15,(1.2150327279374602-1.1253401296126384j),2.0,cpu,<class 'numpy.float64'>,complex128,cpu,complex128,cpu
a,15,(0.9594058744018104-0.17538918868300946j),2.8284271247461903,cpu,<class 'numpy.float64'>,complex128,cpu,complex128,cpu
a,15,(1.2981009169215525+0.48605340302440936j),4.0,cpu,<class 'numpy.float64'>,complex128,cpu,complex128,cpu
a,15,(-1.098902131256895+0.33813538733040144j),5.656854249492381,cpu,<class 'numpy.float64'>,complex128,cpu,complex128,cpu
a,15,(0.7971521758551978-2.204692843318034j),8.0,cpu,<class 'numpy.float64'>,complex128,cpu,complex128,cpu
a,15,(-1.2744326353530837+1.570624286742364j),11.313708498984761,cpu,<class 'numpy.float64'>,complex128,cpu,complex128,cpu
a,15,(0.8967025463526581+0.11055194017204047j),16.0,cpu,<class 'numpy.float64'>,complex128,cpu,complex128,cpu
a,15,(1.1606523763421464+0.38560671975868305j),22.627416997969522,cpu,<class 'numpy.float64'>,complex128,cpu,complex128,cpu
a,16,(-1.3559333625942882-0.6578134486897358j),1.0,cpu,<class 'numpy.float64'>,complex128,cpu,complex128,cpu
a,16,(-0.8771443358651575-2.1880003395045193j),1.4142135623730951,cpu,<class 'numpy.float64'>,complex128,cpu,complex128,cpu
a,16,(1.2150327279375244-1.1253401296126895j),2.0,cpu,<class 'numpy.float64'>,complex128,cpu,complex128,cpu
a,16,(0.959405874401899-0.17538918868293168j),2.8284271247461903,cpu,<class 'numpy.float64'>,complex128,cpu,complex128,cpu
a,16,(1.2981009169168625+0.4860534030284005j),4.0,cpu,<class 'numpy.float64'>,complex128,cpu,complex128,cpu
a,16,(-1.0989021312009237+0.33813538673842747j),5.656854249492381,cpu,<class 'numpy.float64'>,complex128,cpu,complex128,cpu
a,16,(0.7971527494045318-2.204694288971715j),8.0,cpu,<class 'numpy.float64'>,complex128,cpu,complex128,cpu
a,16,(-1.2706804019354216+1.5663214969002475j),11.313708498984761,cpu,<class 'numpy.float64'>,complex128,cpu,complex128,cpu
a,16,(1.032039367151817+0.16385465691829806j),16.0,cpu,<class 'numpy.float64'>,complex128,cpu,complex128,cpu
a,16,(1.25405804169445+0.3125950513911682j),22.627416997969522,cpu,<class 'numpy.float64'>,complex128,cpu,complex128,cpu
a,17,(-1.3559333625942889-0.6578134486897365j),1.0,cpu,<class 'numpy.float64'>,complex128,cpu,complex128,cpu
a,17,(-0.8771443358651596-2.1880003395045255j),1.4142135623730951,cpu,<class 'numpy.float64'>,complex128,cpu,complex128,cpu
a,17,(1.2150327279375328-1.125340129612697j),2.0,cpu,<class 'numpy.float64'>,complex128,cpu,complex128,cpu
a,17,(0.959405874401912-0.17538918868292397j),2.8284271247461903,cpu,<class 'numpy.float64'>,complex128,cpu,complex128,cpu
a,17,(1.2981009169165714+0.48605340302879596j),4.0,cpu,<class 'numpy.float64'>,complex128,cpu,complex128,cpu
a,17,(-1.0989021312351768+0.3381353867077641j),5.656854249492381,cpu,<class 'numpy.float64'>,complex128,cpu,complex128,cpu
a,17,(0.7971526797532982-2.2046944149185714j),8.0,cpu,<class 'numpy.float64'>,complex128,cpu,complex128,cpu
a,17,(-1.2716448219591876+1.5661359785699704j),11.313708498984761,cpu,<class 'numpy.float64'>,complex128,cpu,complex128,cpu
a,17,(1.0364086641795303+0.05336830567696656j),16.0,cpu,<class 'numpy.float64'>,complex128,cpu,complex128,cpu
a,17,(1.157665371722218+0.21545323126287325j),22.627416997969522,cpu,<class 'numpy.float64'>,complex128,cpu,complex128,cpu
a,18,(-1.3559333625942895-0.6578134486897362j),1.0,cpu,<class 'numpy.float64'>,complex128,cpu,complex128,cpu
a,18,(-0.87714433586516-2.1880003395045255j),1.4142135623730951,cpu,<class 'numpy.float64'>,complex128,cpu,complex128,cpu
a,18,(1.2150327279375335-1.125340129612698j),2.0,cpu,<class 'numpy.float64'>,complex128,cpu,complex128,cpu
a,18,(0.9594058744019138-0.17538918868292364j),2.8284271247461903,cpu,<class 'numpy.float64'>,complex128,cpu,complex128,cpu
a,18,(1.2981009169165505+0.48605340302883293j),4.0,cpu,<class 'numpy.float64'>,complex128,cpu,complex128,cpu
a,18,(-1.0989021312387577+0.3381353867084489j),5.656854249492381,cpu,<class 'numpy.float64'>,complex128,cpu,complex128,cpu
a,18,(0.797152663325849-2.2046944148713603j),8.0,cpu,<class 'numpy.float64'>,complex128,cpu,complex128,cpu
a,18,(-1.2716137814855082+1.5662653844414982j),11.313708498984761,cpu,<class 'numpy.float64'>,complex128,cpu,complex128,cpu
a,18,(0.979678892490818+0.08688867097710462j),16.0,cpu,<class 'numpy.float64'>,complex128,cpu,complex128,cpu
a,18,(1.1351775185123545+0.26182091294639753j),22.627416997969522,cpu,<class 'numpy.float64'>,complex128,cpu,complex128,cpu
a,19,(-1.3559333625942893-0.6578134486897365j),1.0,cpu,<class 'numpy.float64'>,complex128,cpu,complex128,cpu
a,19,(-0.8771443358651598-2.1880003395045255j),1.4142135623730951,cpu,<class 'numpy.float64'>,complex128,cpu,complex128,cpu
a,19,(1.2150327279375333-1.1253401296126981j),2.0,cpu,<class 'numpy.float64'>,complex128,cpu,complex128,cpu
a,19,(0.9594058744019137-0.17538918868292364j),2.8284271247461903,cpu,<class 'numpy.float64'>,complex128,cpu,complex128,cpu
a,19,(1.2981009169165492+0.48605340302883626j),4.0,cpu,<class 'numpy.float64'>,complex128,cpu,complex128,cpu
a,19,(-1.0989021312389071+0.33813538670870846j),5.656854249492381,cpu,<class 'numpy.float64'>,complex128,cpu,complex128,cpu
a,19,(0.7971526627183677-2.2046944134019775j),8.0,cpu,<class 'numpy.float64'>,complex128,cpu,complex128,cpu
a,19,(-1.2716012590996106+1.5662583700643031j),11.313708498984761,cpu,<class 'numpy.float64'>,complex128,cpu,complex128,cpu
a,19,(1.0074099589450016+0.09971125677411155j),16.0,cpu,<class 'numpy.float64'>,complex128,cpu,complex128,cpu
a,19,(1.0691786140272355+0.25197801665916103j),22.627416997969522,cpu,<class 'numpy.float64'>,complex128,cpu,complex128,cpu
a,20,(-1.3559333625942886-0.6578134486897362j),1.0,cpu,<class 'numpy.float64'>,complex128,cpu,complex128,cpu
a,20,(-0.8771443358651594-2.1880003395045247j),1.4142135623730951,cpu,<class 'numpy.float64'>,complex128,cpu,complex128,cpu
a,20,(1.2150327279375333-1.1253401296126975j),2.0,cpu,<class 'numpy.float64'>,complex128,cpu,complex128,cpu
a,20,(0.9594058744019136-0.1753891886829232j),2.8284271247461903,cpu,<class 'numpy.float64'>,complex128,cpu,complex128,cpu
a,20,(1.2981009169165483+0.4860534030288368j),4.0,cpu,<class 'numpy.float64'>,complex128,cpu,complex128,cpu
a,20,(-1.0989021312389013+0.33813538670873194j),5.656854249492381,cpu,<class 'numpy.float64'>,complex128,cpu,complex128,cpu
a,20,(0.7971526628031005-2.2046944133049626j),8.0,cpu,<class 'numpy.float64'>,complex128,cpu,complex128,cpu
a,20,(-1.2716019139320964+1.5662572744307428j),11.313708498984761,cpu,<class 'numpy.float64'>,complex128,cpu,complex128,cpu
a,20,(1.00514364016236+0.08846124838398464j),16.0,cpu,<class 'numpy.float64'>,complex128,cpu,complex128,cpu
a,20,(1.0836582739383953+0.395325258986905j),22.627416997969522,cpu,<class 'numpy.float64'>,complex128,cpu,complex128,cpu
a,21,(-1.3559333625942886-0.6578134486897362j),1.0,cpu,<class 'numpy.float64'>,complex128,cpu,complex128,cpu
a,21,(-0.8771443358651597-2.1880003395045255j),1.4142135623730951,cpu,<class 'numpy.float64'>,complex128,cpu,complex128,cpu
a,21,(1.2150327279375337-1.1253401296126977j),2.0,cpu,<class 'numpy.float64'>,complex128,cpu,complex128,cpu
a,21,(0.9594058744019137-0.17538918868292314j),2.8284271247461903,cpu,<class 'numpy.float64'>,complex128,cpu,complex128,cpu
a,21,(1.2981009169165487+0.48605340302883704j),4.0,cpu,<class 'numpy.float64'>,complex128,cpu,complex128,cpu
a,21,(-1.0989021312388998+0.33813538670873405j),5.656854249492381,cpu,<class 'numpy.float64'>,complex128,cpu,complex128,cpu
a,21,(0.7971526628123033-2.2046944133061093j),8.0,cpu,<class 'numpy.float64'>,complex128,cpu,complex128,cpu
a,21,(-1.2716020266912+1.5662572995117694j),11.313708498984761,cpu,<class 'numpy.float64'>,complex128,cpu,complex128,cpu
a,21,(1.0027519693177784+0.09107357138469449j),16.0,cpu,<class 'numpy.float64'>,complex128,cpu,complex128,cpu
a,21,(1.2594682335406446+0.3358481032247397j),22.627416997969522,cpu,<class 'numpy.float64'>,complex128,cpu,complex128,cpu
a,22,(-1.3559333625942889-0.6578134486897362j),1.0,cpu,<class 'numpy.float64'>,complex128,cpu,complex128,cpu
a,22,(-0.87714433586516-2.1880003395045255j),1.4142135623730951,cpu,<class 'numpy.float64'>,complex128,cpu,complex128,cpu
a,22,(1.2150327279375335-1.1253401296126975j),2.0,cpu,<class 'numpy.float64'>,complex128,cpu,complex128,cpu
a,22,(0.959405874401914-0.17538918868292314j),2.8284271247461903,cpu,<class 'numpy.float64'>,complex128,cpu,complex128,cpu
a,22,(1.2981009169165487+0.48605340302883715j),4.0,cpu,<class 'numpy.float64'>,complex128,cpu,complex128,cpu
a,22,(-1.0989021312388993+0.3381353867087332j),5.656854249492381,cpu,<class 'numpy.float64'>,complex128,cpu,complex128,cpu
a,22,(0.7971526628126655-2.2046944133066226j),8.0,cpu,<class 'numpy.float64'>,complex128,cpu,complex128,cpu
a,22,(-1.2716020288570362+1.566257312853132j),11.313708498984761,cpu,<class 'numpy.float64'>,complex128,cpu,complex128,cpu
a,22,(1.0036454632266438+0.09119143191151623j),16.0,cpu,<class 'numpy.float64'>,complex128,cpu,complex128,cpu
a,22,(1.1371283239677408+0.1853769842344467j),22.627416997969522,cpu,<class 'numpy.float64'>,complex128,cpu,complex128,cpu
a,23,(-1.3559333625942893-0.6578134486897366j),1.0,cpu,<class 'numpy.float64'>,complex128,cpu,complex128,cpu
a,23,(-0.8771443358651596-2.1880003395045255j),1.4142135623730951,cpu,<class 'numpy.float64'>,complex128,cpu,complex128,cpu
a,23,(1.2150327279375337-1.1253401296126977j),2.0,cpu,<class 'numpy.float64'>,complex128,cpu,complex128,cpu
a,23,(0.9594058744019137-0.1753891886829232j),2.8284271247461903,cpu,<class 'numpy.float64'>,complex128,cpu,complex128,cpu
a,23,(1.2981009169165487+0.48605340302883676j),4.0,cpu,<class 'numpy.float64'>,complex128,cpu,complex128,cpu
a,23,(-1.0989021312388996+0.33813538670873405j),5.656854249492381,cpu,<class 'numpy.float64'>,complex128,cpu,complex128,cpu
a,23,(0.7971526628126611-2.204694413306666j),8.0,cpu,<class 'numpy.float64'>,complex128,cpu,complex128,cpu
a,23,(-1.2716020273888098+1.5662573134161368j),11.313708498984761,cpu,<class 'numpy.float64'>,complex128,cpu,complex128,cpu
a,23,(1.0035642318829043+0.09101586604532212j),16.0,cpu,<class 'numpy.float64'>,complex128,cpu,complex128,cpu
a,23,(1.0746059985328527+0.33908646420504135j),22.627416997969522,cpu,<class 'numpy.float64'>,complex128,cpu,complex128,cpu
a,24,(-1.355933362594289-0.6578134486897362j),1.0,cpu,<class 'numpy.float64'>,complex128,cpu,complex128,cpu
a,24,(-0.87714433586516-2.1880003395045255j),1.4142135623730951,cpu,<class 'numpy.float64'>,complex128,cpu,complex128,cpu
a,24,(1.2150327279375333-1.1253401296126975j),2.0,cpu,<class 'numpy.float64'>,complex128,cpu,complex128,cpu
a,24,(0.9594058744019139-0.1753891886829232j),2.8284271247461903,cpu,<class 'numpy.float64'>,complex128,cpu,complex128,cpu
a,24,(1.2981009169165485+0.4860534030288366j),4.0,cpu,<class 'numpy.float64'>,complex128,cpu,complex128,cpu
a,24,(-1.0989021312388987+0.3381353867087341j),5.656854249492381,cpu,<class 'numpy.float64'>,complex128,cpu,complex128,cpu
a,24,(0.797152662812658-2.2046944133066675j),8.0,cpu,<class 'numpy.float64'>,complex128,cpu,complex128,cpu
a,24,(-1.2716020273122726+1.5662573132821738j),11.313708498984761,cpu,<class 'numpy.float64'>,complex128,cpu,complex128,cpu
a,24,(1.0035433531867466+0.09104475572351481j),16.0,cpu,<class 'numpy.float64'>,complex128,cpu,complex128,cpu
a,24,(1.1806684114241515+0.3201531027936904j),22.627416997969522,cpu,<class 'numpy.float64'>,complex128,cpu,complex128,cpu
a,25,(-1.3559333625942893-0.6578134486897365j),1.0,cpu,<class 'numpy.float64'>,complex128,cpu,complex128,cpu
a,25,(-0.8771443358651603-2.1880003395045264j),1.4142135623730951,cpu,<class 'numpy.float64'>,complex128,cpu,complex128,cpu
a,25,(1.2150327279375335-1.125340129612698j),2.0,cpu,<class 'numpy.float64'>,complex128,cpu,complex128,cpu
a,25,(0.9594058744019138-0.1753891886829234j),2.8284271247461903,cpu,<class 'numpy.float64'>,complex128,cpu,complex128,cpu
a,25,(1.2981009169165487+0.4860534030288366j),4.0,cpu,<class 'numpy.float64'>,complex128,cpu,complex128,cpu
a,25,(-1.0989021312388991+0.3381353867087349j),5.656854249492381,cpu,<class 'numpy.float64'>,complex128,cpu,complex128,cpu
a,25,(0.7971526628126577-2.2046944133066697j),8.0,cpu,<class 'numpy.float64'>,complex128,cpu,complex128,cpu
a,25,(-1.2716020273218294+1.5662573132737894j),11.313708498984761,cpu,<class 'numpy.float64'>,complex128,cpu,complex128,cpu
a,25,(1.0035489679831051+0.09104574391316639j),16.0,cpu,<class 'numpy.float64'>,complex128,cpu,complex128,cpu
a,25,(1.1400275088626728+0.2726772984453789j),22.627416997969522,cpu,<class 'numpy.float64'>,complex128,cpu,complex128,cpu
a,26,(-1.3559333625942884-0.6578134486897362j),1.0,cpu,<class 'numpy.float64'>,complex128,cpu,complex128,cpu
a,26,(-0.8771443358651599-2.1880003395045255j),1.4142135623730951,cpu,<class 'numpy.float64'>,complex128,cpu,complex128,cpu
a,26,(1.215032727937533-1.1253401296126975j),2.0,cpu,<class 'numpy.float64'>,complex128,cpu,complex128,cpu
a,26,(0.9594058744019138-0.17538918868292325j),2.8284271247461903,cpu,<class 'numpy.float64'>,complex128,cpu,complex128,cpu
a,26,(1.298100916916548+0.4860534030288366j),4.0,cpu,<class 'numpy.float64'>,complex128,cpu,complex128,cpu
a,26,(-1.0989021312388996+0.3381353867087335j),5.656854249492381,cpu,<class 'numpy.float64'>,complex128,cpu,complex128,cpu
a,26,(0.7971526628126591-2.204694413306667j),8.0,cpu,<class 'numpy.float64'>,complex128,cpu,complex128,cpu
a,26,(-1.2716020273226023+1.5662573132742534j),11.313708498984761,cpu,<class 'numpy.float64'>,complex128,cpu,complex128,cpu
a,26,(1.0035488024252175+0.09104496365135527j),16.0,cpu,<class 'numpy.float64'>,complex128,cpu,complex128,cpu
a,26,(1.133348142851593+0.3035886888873115j),22.627416997969522,cpu,<class 'numpy.float64'>,complex128,cpu,complex128,cpu
a,27,(-1.3559333625942886-0.6578134486897367j),1.0,cpu,<class 'numpy.float64'>,complex128,cpu,complex128,cpu
a,27,(-0.8771443358651598-2.188000339504526j),1.4142135623730951,cpu,<class 'numpy.float64'>,complex128,cpu,complex128,cpu
a,27,(1.2150327279375335-1.1253401296126975j),2.0,cpu,<class 'numpy.float64'>,complex128,cpu,complex128,cpu
a,27,(0.9594058744019139-0.17538918868292308j),2.8284271247461903,cpu,<class 'numpy.float64'>,complex128,cpu,complex128,cpu
a,27,(1.2981009169165487+0.48605340302883715j),4.0,cpu,<class 'numpy.float64'>,complex128,cpu,complex128,cpu
a,27,(-1.0989021312388996+0.33813538670873344j),5.656854249492381,cpu,<class 'numpy.float64'>,complex128,cpu,complex128,cpu
a,27,(0.7971526628126597-2.204694413306669j),8.0,cpu,<class 'numpy.float64'>,complex128,cpu,complex128,cpu
a,27,(-1.2716020273225985+1.5662573132743103j),11.313708498984761,cpu,<class 'numpy.float64'>,complex128,cpu,complex128,cpu
a,27,(1.0035487168240476+0.09104501180094199j),16.0,cpu,<class 'numpy.float64'>,complex128,cpu,complex128,cpu
a,27,(1.1449722216836886+0.2978016573878425j),22.627416997969522,cpu,<class 'numpy.float64'>,complex128,cpu,complex128,cpu
a,28,(-1.3559333625942886-0.657813448689736j),1.0,cpu,<class 'numpy.float64'>,complex128,cpu,complex128,cpu
a,28,(-0.87714433586516-2.1880003395045247j),1.4142135623730951,cpu,<class 'numpy.float64'>,complex128,cpu,complex128,cpu
a,28,(1.215032727937533-1.1253401296126975j),2.0,cpu,<class 'numpy.float64'>,complex128,cpu,complex128,cpu
a,28,(0.9594058744019137-0.17538918868292344j),2.8284271247461903,cpu,<class 'numpy.float64'>,complex128,cpu,complex128,cpu
a,28,(1.298100916916548+0.4860534030288365j),4.0,cpu,<class 'numpy.float64'>,complex128,cpu,complex128,cpu
a,28,(-1.0989021312388998+0.33813538670873383j),5.656854249492381,cpu,<class 'numpy.float64'>,complex128,cpu,complex128,cpu
a,28,(0.7971526628126591-2.204694413306667j),8.0,cpu,<class 'numpy.float64'>,complex128,cpu,complex128,cpu
a,28,(-1.2716020273225916+1.566257313274313j),11.313708498984761,cpu,<class 'numpy.float64'>,complex128,cpu,complex128,cpu
a,28,(1.0035487238801237+0.09104501987656949j),16.0,cpu,<class 'numpy.float64'>,complex128,cpu,complex128,cpu
a,28,(1.1408669077937015+0.29590159114674364j),22.627416997969522,cpu,<class 'numpy.float64'>,complex128,cpu,complex128,cpu
a,29,(-1.3559333625942895-0.6578134486897365j),1.0,cpu,<class 'numpy.float64'>,complex128,cpu,complex128,cpu
a,29,(-0.87714433586516-2.1880003395045255j),1.4142135623730951,cpu,<class 'numpy.float64'>,complex128,cpu,complex128,cpu
a,29,(1.2150327279375328-1.125340129612698j),2.0,cpu,<class 'numpy.float64'>,complex128,cpu,complex128,cpu
a,29,(0.9594058744019138-0.17538918868292347j),2.8284271247461903,cpu,<class 'numpy.float64'>,complex128,cpu,complex128,cpu
a,29,(1.2981009169165492+0.48605340302883626j),4.0,cpu,<class 'numpy.float64'>,complex128,cpu,complex128,cpu
a,29,(-1.0989021312388998+0.33813538670873444j),5.656854249492381,cpu,<class 'numpy.float64'>,complex128,cpu,complex128,cpu
a,29,(0.7971526628126585-2.204694413306669j),8.0,cpu,<class 'numpy.float64'>,complex128,cpu,complex128,cpu
a,29,(-1.2716020273225932+1.5662573132743125j),11.313708498984761,cpu,<class 'numpy.float64'>,complex128,cpu,complex128,cpu
a,29,(1.0035487246147061+0.09104501911859343j),16.0,cpu,<class 'numpy.float64'>,complex128,cpu,complex128,cpu
a,29,(1.141167007370746+0.297211029605357j),22.627416997969522,cpu,<class 'numpy.float64'>,complex128,cpu,complex128,cpu
a,30,(-1.355933362594289-0.6578134486897363j),1.0,cpu,<class 'numpy.float64'>,complex128,cpu,complex128,cpu
a,30,(-0.8771443358651596-2.188000339504525j),1.4142135623730951,cpu,<class 'numpy.float64'>,complex128,cpu,complex128,cpu
a,30,(1.2150327279375328-1.1253401296126977j),2.0,cpu,<class 'numpy.float64'>,complex128,cpu,complex128,cpu
a,30,(0.9594058744019136-0.17538918868292339j),2.8284271247461903,cpu,<class 'numpy.float64'>,complex128,cpu,complex128,cpu
a,30,(1.2981009169165478+0.4860534030288366j),4.0,cpu,<class 'numpy.float64'>,complex128,cpu,complex128,cpu
a,30,(-1.0989021312388996+0.3381353867087333j),5.656854249492381,cpu,<class 'numpy.float64'>,complex128,cpu,complex128,cpu
a,30,(0.7971526628126598-2.204694413306666j),8.0,cpu,<class 'numpy.float64'>,complex128,cpu,complex128,cpu
a,30,(-1.2716020273225923+1.5662573132743098j),11.313708498984761,cpu,<class 'numpy.float64'>,complex128,cpu,complex128,cpu
a,30,(1.003548724549326+0.09104501904632908j),16.0,cpu,<class 'numpy.float64'>,complex128,cpu,complex128,cpu
a,30,(1.1413936066349888+0.2969499746912584j),22.627416997969522,cpu,<class 'numpy.float64'>,complex128,cpu,complex128,cpu
a,31,(-1.355933362594289-0.6578134486897363j),1.0,cpu,<class 'numpy.float64'>,complex128,cpu,complex128,cpu
a,31,(-0.8771443358651596-2.1880003395045255j),1.4142135623730951,cpu,<class 'numpy.float64'>,complex128,cpu,complex128,cpu
a,31,(1.2150327279375333-1.1253401296126972j),2.0,cpu,<class 'numpy.float64'>,complex128,cpu,complex128,cpu
a,31,(0.9594058744019136-0.1753891886829232j),2.8284271247461903,cpu,<class 'numpy.float64'>,complex128,cpu,complex128,cpu
a,31,(1.2981009169165483+0.48605340302883693j),4.0,cpu,<class 'numpy.float64'>,complex128,cpu,complex128,cpu
a,31,(-1.0989021312388996+0.3381353867087337j),5.656854249492381,cpu,<class 'numpy.float64'>,complex128,cpu,complex128,cpu
a,31,(0.79715266281266-2.204694413306668j),8.0,cpu,<class 'numpy.float64'>,complex128,cpu,complex128,cpu
a,31,(-1.2716020273225945+1.5662573132743103j),11.313708498984761,cpu,<class 'numpy.float64'>,complex128,cpu,complex128,cpu
a,31,(1.003548724541528+0.09104501905088855j),16.0,cpu,<class 'numpy.float64'>,complex128,cpu,complex128,cpu
a,31,(1.1413162306073348+0.2969405597794476j),22.627416997969522,cpu,<class 'numpy.float64'>,complex128,cpu,complex128,cpu
a,32,(-1.3559333625942884-0.6578134486897361j),1.0,cpu,<class 'numpy.float64'>,complex128,cpu,complex128,cpu
a,32,(-0.8771443358651597-2.188000339504525j),1.4142135623730951,cpu,<class 'numpy.float64'>,complex128,cpu,complex128,cpu
a,32,(1.2150327279375333-1.125340129612698j),2.0,cpu,<class 'numpy.float64'>,complex128,cpu,complex128,cpu
a,32,(0.9594058744019136-0.17538918868292327j),2.8284271247461903,cpu,<class 'numpy.float64'>,complex128,cpu,complex128,cpu
a,32,(1.2981009169165478+0.4860534030288367j),4.0,cpu,<class 'numpy.float64'>,complex128,cpu,complex128,cpu
a,32,(-1.0989021312388987+0.33813538670873416j),5.656854249492381,cpu,<class 'numpy.float64'>,complex128,cpu,complex128,cpu
a,32,(0.7971526628126575-2.2046944133066675j),8.0,cpu,<class 'numpy.float64'>,complex128,cpu,complex128,cpu
a,32,(-1.2716020273225919+1.5662573132743125j),11.313708498984761,cpu,<class 'numpy.float64'>,complex128,cpu,complex128,cpu
a,32,(1.0035487245417463+0.09104501905173645j),16.0,cpu,<class 'numpy.float64'>,complex128,cpu,complex128,cpu
a,32,(1.1413227259961816+0.29695469320431667j),22.627416997969522,cpu,<class 'numpy.float64'>,complex128,cpu,complex128,cpu
a,33,(-1.3559333625942884-0.657813448689736j),1.0,cpu,<class 'numpy.float64'>,complex128,cpu,complex128,cpu
a,33,(-0.8771443358651592-2.1880003395045247j),1.4142135623730951,cpu,<class 'numpy.float64'>,complex128,cpu,complex128,cpu
a,33,(1.2150327279375333-1.1253401296126975j),2.0,cpu,<class 'numpy.float64'>,complex128,cpu,complex128,cpu
a,33,(0.9594058744019134-0.17538918868292305j),2.8284271247461903,cpu,<class 'numpy.float64'>,complex128,cpu,complex128,cpu
a,33,(1.2981009169165478+0.4860534030288367j),4.0,cpu,<class 'numpy.float64'>,complex128,cpu,complex128,cpu
a,33,(-1.0989021312388987+0.33813538670873344j),5.656854249492381,cpu,<class 'numpy.float64'>,complex128,cpu,complex128,cpu
a,33,(0.7971526628126591-2.204694413306666j),8.0,cpu,<class 'numpy.float64'>,complex128,cpu,complex128,cpu
a,33,(-1.2716020273225914+1.5662573132743107j),11.313708498984761,cpu,<class 'numpy.float64'>,complex128,cpu,complex128,cpu
a,33,(1.003548724541832+0.09104501905173923j),16.0,cpu,<class 'numpy.float64'>,complex128,cpu,complex128,cpu
a,33,(1.1413243662244401+0.296952468688258j),22.627416997969522,cpu,<class 'numpy.float64'>,complex128,cpu,complex128,cpu
a,34,(-1.3559333625942886-0.6578134486897361j),1.0,cpu,<class 'numpy.float64'>,complex128,cpu,complex128,cpu
a,34,(-0.8771443358651592-2.1880003395045255j),1.4142135623730951,cpu,<class 'numpy.float64'>,complex128,cpu,complex128,cpu
a,34,(1.215032727937534-1.1253401296126977j),2.0,cpu,<class 'numpy.float64'>,complex128,cpu,complex128,cpu
a,34,(0.959405874401914-0.17538918868292297j),2.8284271247461903,cpu,<class 'numpy.float64'>,complex128,cpu,complex128,cpu
a,34,(1.298100916916548+0.48605340302883737j),4.0,cpu,<class 'numpy.float64'>,complex128,cpu,complex128,cpu
a,34,(-1.0989021312388991+0.3381353867087329j),5.656854249492381,cpu,<class 'numpy.float64'>,complex128,cpu,complex128,cpu
a,34,(0.7971526628126597-2.204694413306666j),8.0,cpu,<class 'numpy.float64'>,complex128,cpu,complex128,cpu
a,34,(-1.2716020273225936+1.5662573132743118j),11.313708498984761,cpu,<class 'numpy.float64'>,complex128,cpu,complex128,cpu
a,34,(1.003548724541833+0.09104501905173373j),16.0,cpu,<class 'numpy.float64'>,complex128,cpu,complex128,cpu
a,34,(1.141323934429451+0.29695238783174993j),22.627416997969522,cpu,<class 'numpy.float64'>,complex128,cpu,complex128,cpu
a,35,(-1.3559333625942886-0.657813448689736j),1.0,cpu,<class 'numpy.float64'>,complex128,cpu,complex128,cpu
a,35,(-0.8771443358651596-2.1880003395045247j),1.4142135623730951,cpu,<class 'numpy.float64'>,complex128,cpu,complex128,cpu
a,35,(1.215032727937533-1.1253401296126975j),2.0,cpu,<class 'numpy.float64'>,complex128,cpu,complex128,cpu
a,35,(0.9594058744019136-0.17538918868292322j),2.8284271247461903,cpu,<class 'numpy.float64'>,complex128,cpu,complex128,cpu
a,35,(1.2981009169165483+0.4860534030288368j),4.0,cpu,<class 'numpy.float64'>,complex128,cpu,complex128,cpu
a,35,(-1.0989021312388991+0.33813538670873367j),5.656854249492381,cpu,<class 'numpy.float64'>,complex128,cpu,complex128,cpu
a,35,(0.7971526628126584-2.204694413306667j),8.0,cpu,<class 'numpy.float64'>,complex128,cpu,complex128,cpu
a,35,(-1.2716020273225928+1.5662573132743123j),11.313708498984761,cpu,<class 'numpy.float64'>,complex128,cpu,complex128,cpu
a,35,(1.0035487245418344+0.09104501905173275j),16.0,cpu,<class 'numpy.float64'>,complex128,cpu,complex128,cpu
a,35,(1.1413239469052023+0.2969524493168321j),22.627416997969522,cpu,<class 'numpy.float64'>,complex128,cpu,complex128,cpu
a,36,(-1.355933362594289-0.657813448689736j),1.0,cpu,<class 'numpy.float64'>,complex128,cpu,complex128,cpu
a,36,(-0.8771443358651597-2.1880003395045255j),1.4142135623730951,cpu,<class 'numpy.float64'>,complex128,cpu,complex128,cpu
a,36,(1.2150327279375333-1.1253401296126975j),2.0,cpu,<class 'numpy.float64'>,complex128,cpu,complex128,cpu
a,36,(0.9594058744019136-0.1753891886829234j),2.8284271247461903,cpu,<class 'numpy.float64'>,complex128,cpu,complex128,cpu
a,36,(1.2981009169165485+0.4860534030288366j),4.0,cpu,<class 'numpy.float64'>,complex128,cpu,complex128,cpu
a,36,(-1.0989021312388991+0.33813538670873383j),5.656854249492381,cpu,<class 'numpy.float64'>,complex128,cpu,complex128,cpu
a,36,(0.797152662812658-2.204694413306667j),8.0,cpu,<class 'numpy.float64'>,complex128,cpu,complex128,cpu
a,36,(-1.2716020273225936+1.5662573132743118j),11.313708498984761,cpu,<class 'numpy.float64'>,complex128,cpu,complex128,cpu
a,36,(1.0035487245418326+0.09104501905173108j),16.0,cpu,<class 'numpy.float64'>,complex128,cpu,complex128,cpu
a,36,(1.1413239540034028+0.2969524453928011j),22.627416997969522,cpu,<class 'numpy.float64'>,complex128,cpu,complex128,cpu
a,37,(-1.3559333625942886-0.6578134486897358j),1.0,cpu,<class 'numpy.float64'>,complex128,cpu,complex128,cpu
a,37,(-0.8771443358651598-2.1880003395045247j),1.4142135623730951,cpu,<class 'numpy.float64'>,complex128,cpu,complex128,cpu
a,37,(1.215032727937533-1.1253401296126975j),2.0,cpu,<class 'numpy.float64'>,complex128,cpu,complex128,cpu
a,37,(0.9594058744019136-0.17538918868292347j),2.8284271247461903,cpu,<class 'numpy.float64'>,complex128,cpu,complex128,cpu
a,37,(1.2981009169165483+0.4860534030288367j),4.0,cpu,<class 'numpy.float64'>,complex128,cpu,complex128,cpu
a,37,(-1.0989021312388993+0.3381353867087342j),5.656854249492381,cpu,<class 'numpy.float64'>,complex128,cpu,complex128,cpu
a,37,(0.7971526628126581-2.204694413306668j),8.0,cpu,<class 'numpy.float64'>,complex128,cpu,complex128,cpu
a,37,(-1.2716020273225928+1.5662573132743127j),11.313708498984761,cpu,<class 'numpy.float64'>,complex128,cpu,complex128,cpu
a,37,(1.0035487245418344+0.0910450190517316j),16.0,cpu,<class 'numpy.float64'>,complex128,cpu,complex128,cpu
a,37,(1.1413239533746626+0.2969524446595412j),22.627416997969522,cpu,<class 'numpy.float64'>,complex128,cpu,complex128,cpu
a,38,(-1.355933362594289-0.6578134486897359j),1.0,cpu,<class 'numpy.float64'>,complex128,cpu,complex128,cpu
a,38,(-0.8771443358651599-2.1880003395045247j),1.4142135623730951,cpu,<class 'numpy.float64'>,complex128,cpu,complex128,cpu
a,38,(1.2150327279375333-1.125340129612698j),2.0,cpu,<class 'numpy.float64'>,complex128,cpu,complex128,cpu
a,38,(0.9594058744019136-0.17538918868292352j),2.8284271247461903,cpu,<class 'numpy.float64'>,complex128,cpu,complex128,cpu
a,38,(1.2981009169165485+0.48605340302883654j),4.0,cpu,<class 'numpy.float64'>,complex128,cpu,complex128,cpu
a,38,(-1.0989021312388996+0.3381353867087342j),5.656854249492381,cpu,<class 'numpy.float64'>,complex128,cpu,complex128,cpu
a,38,(0.7971526628126582-2.204694413306668j),8.0,cpu,<class 'numpy.float64'>,complex128,cpu,complex128,cpu
a,38,(-1.2716020273225919+1.5662573132743125j),11.313708498984761,cpu,<class 'numpy.float64'>,complex128,cpu,complex128,cpu
a,38,(1.0035487245418335+0.09104501905173151j),16.0,cpu,<class 'numpy.float64'>,complex128,cpu,complex128,cpu
a,38,(1.141323953297624+0.2969524447382467j),22.627416997969522,cpu,<class 'numpy.float64'>,complex128,cpu,complex128,cpu
a,39,(-1.3559333625942893-0.6578134486897361j),1.0,cpu,<class 'numpy.float64'>,complex128,cpu,complex128,cpu
a,39,(-0.87714433586516-2.1880003395045255j),1.4142135623730951,cpu,<class 'numpy.float64'>,complex128,cpu,complex128,cpu
a,39,(1.2150327279375337-1.1253401296126984j),2.0,cpu,<class 'numpy.float64'>,complex128,cpu,complex128,cpu
a,39,(0.9594058744019138-0.17538918868292358j),2.8284271247461903,cpu,<class 'numpy.float64'>,complex128,cpu,complex128,cpu
a,39,(1.2981009169165487+0.48605340302883693j),4.0,cpu,<class 'numpy.float64'>,complex128,cpu,complex128,cpu
a,39,(-1.0989021312389+0.33813538670873394j),5.656854249492381,cpu,<class 'numpy.float64'>,complex128,cpu,complex128,cpu
a,39,(0.7971526628126594-2.2046944133066684j),8.0,cpu,<class 'numpy.float64'>,complex128,cpu,complex128,cpu
a,39,(-1.2716020273225932+1.5662573132743118j),11.313708498984761,cpu,<class 'numpy.float64'>,complex128,cpu,complex128,cpu
a,39,(1.0035487245418333+0.0910450190517316j),16.0,cpu,<class 'numpy.float64'>,complex128,cpu,complex128,cpu
a,39,(1.1413239533066162+0.29695244474722354j),22.627416997969522,cpu,<class 'numpy.float64'>,complex128,cpu,complex128,cpu
